run,type,module,name,attrname,attrvalue,value,count,sumweights,mean,stddev,min,max,underflows,overflows,binedges,binvalues
General-0-20231004-21:10:08-4769,runattr,,,configname,General,,,,,,,,,,,
General-0-20231004-21:10:08-4769,runattr,,,datetime,20231004-21:10:08,,,,,,,,,,,
General-0-20231004-21:10:08-4769,runattr,,,datetimef,20231004-211008,,,,,,,,,,,
General-0-20231004-21:10:08-4769,runattr,,,experiment,General,,,,,,,,,,,
General-0-20231004-21:10:08-4769,runattr,,,inifile,/workspaces/hyper-heuristic-dse-2.0/src/external/simulation_model/sims/0/omnetpp.ini,,,,,,,,,,,
General-0-20231004-21:10:08-4769,runattr,,,iterationvars,,,,,,,,,,,,
General-0-20231004-21:10:08-4769,runattr,,,iterationvarsd,,,,,,,,,,,,
General-0-20231004-21:10:08-4769,runattr,,,iterationvarsf,,,,,,,,,,,,
General-0-20231004-21:10:08-4769,runattr,,,measurement,,,,,,,,,,,,
General-0-20231004-21:10:08-4769,runattr,,,network,Tictoc16,,,,,,,,,,,
General-0-20231004-21:10:08-4769,runattr,,,processid,4769,,,,,,,,,,,
General-0-20231004-21:10:08-4769,runattr,,,repetition,0,,,,,,,,,,,
General-0-20231004-21:10:08-4769,runattr,,,replication,#0,,,,,,,,,,,
General-0-20231004-21:10:08-4769,runattr,,,resultdir,/workspaces/hyper-heuristic-dse-2.0/src/external/simulation_model/sims/0/results,,,,,,,,,,,
General-0-20231004-21:10:08-4769,runattr,,,runnumber,0,,,,,,,,,,,
General-0-20231004-21:10:08-4769,runattr,,,seedset,0,,,,,,,,,,,
General-0-20231004-21:10:08-4769,config,,,result-dir,/workspaces/hyper-heuristic-dse-2.0/src/external/simulation_model/sims/0/results,,,,,,,,,,,
General-0-20231004-21:10:08-4769,config,,,network,Tictoc16,,,,,,,,,,,
General-0-20231004-21:10:08-4769,config,,,**.tic[1].hopCount.result-recording-modes,+histogram,,,,,,,,,,,
General-0-20231004-21:10:08-4769,config,,,**.tic[0..2].hopCount.result-recording-modes,-vector,,,,,,,,,,,
General-0-20231004-21:10:08-4769,param,Tictoc16.tic[0].gate$o[0].channel,typename,,,"""Tictoc16.Channel""",,,,,,,,,,
General-0-20231004-21:10:08-4769,param,Tictoc16.tic[0].gate$o[0].channel,disabled,,,false,,,,,,,,,,
General-0-20231004-21:10:08-4769,attr,Tictoc16.tic[0].gate$o[0].channel,disabled,mutable,,,,,,,,,,,,
General-0-20231004-21:10:08-4769,param,Tictoc16.tic[0].gate$o[0].channel,delay,,,0.1s,,,,,,,,,,
General-0-20231004-21:10:08-4769,attr,Tictoc16.tic[0].gate$o[0].channel,delay,mutable,,,,,,,,,,,,
General-0-20231004-21:10:08-4769,attr,Tictoc16.tic[0].gate$o[0].channel,delay,unit,s,,,,,,,,,,,
General-0-20231004-21:10:08-4769,param,Tictoc16.tic[1].gate$o[0].channel,typename,,,"""Tictoc16.Channel""",,,,,,,,,,
General-0-20231004-21:10:08-4769,param,Tictoc16.tic[1].gate$o[0].channel,disabled,,,false,,,,,,,,,,
General-0-20231004-21:10:08-4769,attr,Tictoc16.tic[1].gate$o[0].channel,disabled,mutable,,,,,,,,,,,,
General-0-20231004-21:10:08-4769,param,Tictoc16.tic[1].gate$o[0].channel,delay,,,0.1s,,,,,,,,,,
General-0-20231004-21:10:08-4769,attr,Tictoc16.tic[1].gate$o[0].channel,delay,mutable,,,,,,,,,,,,
General-0-20231004-21:10:08-4769,attr,Tictoc16.tic[1].gate$o[0].channel,delay,unit,s,,,,,,,,,,,
General-0-20231004-21:10:08-4769,param,Tictoc16.tic[1].gate$o[1].channel,typename,,,"""Tictoc16.Channel""",,,,,,,,,,
General-0-20231004-21:10:08-4769,param,Tictoc16.tic[1].gate$o[1].channel,disabled,,,false,,,,,,,,,,
General-0-20231004-21:10:08-4769,attr,Tictoc16.tic[1].gate$o[1].channel,disabled,mutable,,,,,,,,,,,,
General-0-20231004-21:10:08-4769,param,Tictoc16.tic[1].gate$o[1].channel,delay,,,0.1s,,,,,,,,,,
General-0-20231004-21:10:08-4769,attr,Tictoc16.tic[1].gate$o[1].channel,delay,mutable,,,,,,,,,,,,
General-0-20231004-21:10:08-4769,attr,Tictoc16.tic[1].gate$o[1].channel,delay,unit,s,,,,,,,,,,,
General-0-20231004-21:10:08-4769,param,Tictoc16.tic[2].gate$o[0].channel,typename,,,"""Tictoc16.Channel""",,,,,,,,,,
General-0-20231004-21:10:08-4769,param,Tictoc16.tic[2].gate$o[0].channel,disabled,,,false,,,,,,,,,,
General-0-20231004-21:10:08-4769,attr,Tictoc16.tic[2].gate$o[0].channel,disabled,mutable,,,,,,,,,,,,
General-0-20231004-21:10:08-4769,param,Tictoc16.tic[2].gate$o[0].channel,delay,,,0.1s,,,,,,,,,,
General-0-20231004-21:10:08-4769,attr,Tictoc16.tic[2].gate$o[0].channel,delay,mutable,,,,,,,,,,,,
General-0-20231004-21:10:08-4769,attr,Tictoc16.tic[2].gate$o[0].channel,delay,unit,s,,,,,,,,,,,
General-0-20231004-21:10:08-4769,param,Tictoc16.tic[1].gate$o[2].channel,typename,,,"""Tictoc16.Channel""",,,,,,,,,,
General-0-20231004-21:10:08-4769,param,Tictoc16.tic[1].gate$o[2].channel,disabled,,,false,,,,,,,,,,
General-0-20231004-21:10:08-4769,attr,Tictoc16.tic[1].gate$o[2].channel,disabled,mutable,,,,,,,,,,,,
General-0-20231004-21:10:08-4769,param,Tictoc16.tic[1].gate$o[2].channel,delay,,,0.1s,,,,,,,,,,
General-0-20231004-21:10:08-4769,attr,Tictoc16.tic[1].gate$o[2].channel,delay,mutable,,,,,,,,,,,,
General-0-20231004-21:10:08-4769,attr,Tictoc16.tic[1].gate$o[2].channel,delay,unit,s,,,,,,,,,,,
General-0-20231004-21:10:08-4769,param,Tictoc16.tic[4].gate$o[0].channel,typename,,,"""Tictoc16.Channel""",,,,,,,,,,
General-0-20231004-21:10:08-4769,param,Tictoc16.tic[4].gate$o[0].channel,disabled,,,false,,,,,,,,,,
General-0-20231004-21:10:08-4769,attr,Tictoc16.tic[4].gate$o[0].channel,disabled,mutable,,,,,,,,,,,,
General-0-20231004-21:10:08-4769,param,Tictoc16.tic[4].gate$o[0].channel,delay,,,0.1s,,,,,,,,,,
General-0-20231004-21:10:08-4769,attr,Tictoc16.tic[4].gate$o[0].channel,delay,mutable,,,,,,,,,,,,
General-0-20231004-21:10:08-4769,attr,Tictoc16.tic[4].gate$o[0].channel,delay,unit,s,,,,,,,,,,,
General-0-20231004-21:10:08-4769,param,Tictoc16.tic[3].gate$o[0].channel,typename,,,"""Tictoc16.Channel""",,,,,,,,,,
General-0-20231004-21:10:08-4769,param,Tictoc16.tic[3].gate$o[0].channel,disabled,,,false,,,,,,,,,,
General-0-20231004-21:10:08-4769,attr,Tictoc16.tic[3].gate$o[0].channel,disabled,mutable,,,,,,,,,,,,
General-0-20231004-21:10:08-4769,param,Tictoc16.tic[3].gate$o[0].channel,delay,,,0.1s,,,,,,,,,,
General-0-20231004-21:10:08-4769,attr,Tictoc16.tic[3].gate$o[0].channel,delay,mutable,,,,,,,,,,,,
General-0-20231004-21:10:08-4769,attr,Tictoc16.tic[3].gate$o[0].channel,delay,unit,s,,,,,,,,,,,
General-0-20231004-21:10:08-4769,param,Tictoc16.tic[4].gate$o[1].channel,typename,,,"""Tictoc16.Channel""",,,,,,,,,,
General-0-20231004-21:10:08-4769,param,Tictoc16.tic[4].gate$o[1].channel,disabled,,,false,,,,,,,,,,
General-0-20231004-21:10:08-4769,attr,Tictoc16.tic[4].gate$o[1].channel,disabled,mutable,,,,,,,,,,,,
General-0-20231004-21:10:08-4769,param,Tictoc16.tic[4].gate$o[1].channel,delay,,,0.1s,,,,,,,,,,
General-0-20231004-21:10:08-4769,attr,Tictoc16.tic[4].gate$o[1].channel,delay,mutable,,,,,,,,,,,,
General-0-20231004-21:10:08-4769,attr,Tictoc16.tic[4].gate$o[1].channel,delay,unit,s,,,,,,,,,,,
General-0-20231004-21:10:08-4769,param,Tictoc16.tic[4].gate$o[2].channel,typename,,,"""Tictoc16.Channel""",,,,,,,,,,
General-0-20231004-21:10:08-4769,param,Tictoc16.tic[4].gate$o[2].channel,disabled,,,false,,,,,,,,,,
General-0-20231004-21:10:08-4769,attr,Tictoc16.tic[4].gate$o[2].channel,disabled,mutable,,,,,,,,,,,,
General-0-20231004-21:10:08-4769,param,Tictoc16.tic[4].gate$o[2].channel,delay,,,0.1s,,,,,,,,,,
General-0-20231004-21:10:08-4769,attr,Tictoc16.tic[4].gate$o[2].channel,delay,mutable,,,,,,,,,,,,
General-0-20231004-21:10:08-4769,attr,Tictoc16.tic[4].gate$o[2].channel,delay,unit,s,,,,,,,,,,,
General-0-20231004-21:10:08-4769,param,Tictoc16.tic[5].gate$o[0].channel,typename,,,"""Tictoc16.Channel""",,,,,,,,,,
General-0-20231004-21:10:08-4769,param,Tictoc16.tic[5].gate$o[0].channel,disabled,,,false,,,,,,,,,,
General-0-20231004-21:10:08-4769,attr,Tictoc16.tic[5].gate$o[0].channel,disabled,mutable,,,,,,,,,,,,
General-0-20231004-21:10:08-4769,param,Tictoc16.tic[5].gate$o[0].channel,delay,,,0.1s,,,,,,,,,,
General-0-20231004-21:10:08-4769,attr,Tictoc16.tic[5].gate$o[0].channel,delay,mutable,,,,,,,,,,,,
General-0-20231004-21:10:08-4769,attr,Tictoc16.tic[5].gate$o[0].channel,delay,unit,s,,,,,,,,,,,
General-0-20231004-21:10:08-4769,param,Tictoc16.tic[0],typename,,,"""Txc16""",,,,,,,,,,
General-0-20231004-21:10:08-4769,param,Tictoc16.tic[1],typename,,,"""Txc16""",,,,,,,,,,
General-0-20231004-21:10:08-4769,param,Tictoc16.tic[2],typename,,,"""Txc16""",,,,,,,,,,
General-0-20231004-21:10:08-4769,param,Tictoc16.tic[3],typename,,,"""Txc16""",,,,,,,,,,
General-0-20231004-21:10:08-4769,param,Tictoc16.tic[4],typename,,,"""Txc16""",,,,,,,,,,
General-0-20231004-21:10:08-4769,param,Tictoc16.tic[5],typename,,,"""Txc16""",,,,,,,,,,
General-0-20231004-21:10:08-4769,param,Tictoc16,typename,,,"""Tictoc16""",,,,,,,,,,
General-0-20231004-21:10:08-4769,statistic,Tictoc16.tic[0],hopCount:stats,,,,12,12,9.9166666666667,7.8908270488683,2,31,,,,
General-0-20231004-21:10:08-4769,attr,Tictoc16.tic[0],hopCount:stats,interpolationmode,none,,,,,,,,,,,
General-0-20231004-21:10:08-4769,attr,Tictoc16.tic[0],hopCount:stats,recordingmode,stats,,,,,,,,,,,
General-0-20231004-21:10:08-4769,attr,Tictoc16.tic[0],hopCount:stats,source,arrival,,,,,,,,,,,
General-0-20231004-21:10:08-4769,attr,Tictoc16.tic[0],hopCount:stats,title,hop count,,,,,,,,,,,
General-0-20231004-21:10:08-4769,statistic,Tictoc16.tic[1],hopCount:stats,,,,13,13,3.1538461538462,3.7382293902808,1,13,,,,
General-0-20231004-21:10:08-4769,attr,Tictoc16.tic[1],hopCount:stats,interpolationmode,none,,,,,,,,,,,
General-0-20231004-21:10:08-4769,attr,Tictoc16.tic[1],hopCount:stats,recordingmode,stats,,,,,,,,,,,
General-0-20231004-21:10:08-4769,attr,Tictoc16.tic[1],hopCount:stats,source,arrival,,,,,,,,,,,
General-0-20231004-21:10:08-4769,attr,Tictoc16.tic[1],hopCount:stats,title,hop count,,,,,,,,,,,
General-0-20231004-21:10:08-4769,statistic,Tictoc16.tic[2],hopCount:stats,,,,4,4,9,4.6904157598234,4,13,,,,
General-0-20231004-21:10:08-4769,attr,Tictoc16.tic[2],hopCount:stats,interpolationmode,none,,,,,,,,,,,
General-0-20231004-21:10:08-4769,attr,Tictoc16.tic[2],hopCount:stats,recordingmode,stats,,,,,,,,,,,
General-0-20231004-21:10:08-4769,attr,Tictoc16.tic[2],hopCount:stats,source,arrival,,,,,,,,,,,
General-0-20231004-21:10:08-4769,attr,Tictoc16.tic[2],hopCount:stats,title,hop count,,,,,,,,,,,
General-0-20231004-21:10:08-4769,statistic,Tictoc16.tic[3],hopCount:stats,,,,6,6,18,16.816658407662,1,45,,,,
General-0-20231004-21:10:08-4769,attr,Tictoc16.tic[3],hopCount:stats,interpolationmode,none,,,,,,,,,,,
General-0-20231004-21:10:08-4769,attr,Tictoc16.tic[3],hopCount:stats,recordingmode,stats,,,,,,,,,,,
General-0-20231004-21:10:08-4769,attr,Tictoc16.tic[3],hopCount:stats,source,arrival,,,,,,,,,,,
General-0-20231004-21:10:08-4769,attr,Tictoc16.tic[3],hopCount:stats,title,hop count,,,,,,,,,,,
General-0-20231004-21:10:08-4769,statistic,Tictoc16.tic[4],hopCount:stats,,,,10,10,4,5.6174331821176,1,19,,,,
General-0-20231004-21:10:08-4769,attr,Tictoc16.tic[4],hopCount:stats,interpolationmode,none,,,,,,,,,,,
General-0-20231004-21:10:08-4769,attr,Tictoc16.tic[4],hopCount:stats,recordingmode,stats,,,,,,,,,,,
General-0-20231004-21:10:08-4769,attr,Tictoc16.tic[4],hopCount:stats,source,arrival,,,,,,,,,,,
General-0-20231004-21:10:08-4769,attr,Tictoc16.tic[4],hopCount:stats,title,hop count,,,,,,,,,,,
General-0-20231004-21:10:08-4769,statistic,Tictoc16.tic[5],hopCount:stats,,,,11,11,9.3636363636364,8.9473205740347,1,29,,,,
General-0-20231004-21:10:08-4769,attr,Tictoc16.tic[5],hopCount:stats,interpolationmode,none,,,,,,,,,,,
General-0-20231004-21:10:08-4769,attr,Tictoc16.tic[5],hopCount:stats,recordingmode,stats,,,,,,,,,,,
General-0-20231004-21:10:08-4769,attr,Tictoc16.tic[5],hopCount:stats,source,arrival,,,,,,,,,,,
General-0-20231004-21:10:08-4769,attr,Tictoc16.tic[5],hopCount:stats,title,hop count,,,,,,,,,,,
General-0-20231004-21:10:08-4769,histogram,Tictoc16.tic[1],hopCount:histogram,,,,13,13,3.1538461538462,3.7382293902808,1,13,0,0,"0 1 2 3 4 5 6 7 8 9 10 11 12 13 14 15 16","0 7 2 0 2 0 0 0 0 1 0 0 0 1 0 0"
General-0-20231004-21:10:08-4769,attr,Tictoc16.tic[1],hopCount:histogram,interpolationmode,none,,,,,,,,,,,
General-0-20231004-21:10:08-4769,attr,Tictoc16.tic[1],hopCount:histogram,recordingmode,histogram,,,,,,,,,,,
General-0-20231004-21:10:08-4769,attr,Tictoc16.tic[1],hopCount:histogram,source,arrival,,,,,,,,,,,
General-0-20231004-21:10:08-4769,attr,Tictoc16.tic[1],hopCount:histogram,title,hop count,,,,,,,,,,,
