best_fitness_value_untill_current_iteration,configuration_point_1,configuration_point_2,configuration_point_3,configuration_point_4,configuration_point_5,configuration_point_6,configuration_point_7,configuration_point_8,configuration_point_9,configuration_point_10,configuration_point_11,configuration_point_12,configuration_point_13,configuration_point_14,configuration_point_15,configuration_point_16,configuration_point_17,configuration_point_18,configuration_point_19,configuration_point_20,configuration_point_21,configuration_point_22,configuration_point_23,configuration_point_24,configuration_point_25,configuration_point_26,configuration_point_27,configuration_point_28,configuration_point_29,configuration_point_30,configuration_point_31,configuration_point_32,configuration_point_33,configuration_point_34,configuration_point_35,configuration_point_36,configuration_point_37,configuration_point_38,configuration_point_39,configuration_point_40,configuration_point_41,configuration_point_42,configuration_point_43,configuration_point_44,configuration_point_45,configuration_point_46,configuration_point_47,configuration_point_48,configuration_point_49
0.6400427947029387,0.6046972666929931,0.44323257430614793,0.6830202527412802,0.07594545105005923,0.314471330488146,0.3117606309309575,0.7054708221020676,0.7913437944276565,0.044694431911441734,0.449488063317503,0.8712500974683112,0.3616173651111133,0.2267436199624473,0.8896976921410643,0.009777185525770227,0.029997186334468462,0.36812138155729035,0.5817746053943939,0.5844296327230875,0.3865662430405675,0.8401423477997919,0.4350086347629687,0.40534571303039113,0.9954912455032833,0.46839015423454555,0.8895905203803052,0.7203220701803381,0.09693516408773573,0.3206797793213728,0.23848572788054767,0.3203135363355297,0.5997176668180705,0.9842542909421627,0.8348767532944206,0.685047775439062,0.2875166432790499,0.4444278010719117,0.3485380055342161,0.13064437806170626,0.6135432661650829,0.470911081771349,0.7946848322988993,0.3543278074116276,0.2630169665077754,0.13148499358023402,0.3568875713195536,0.3249393374074534,0.4718708892734036,0.15807836313925572
0.6165237595401649,0.3452862501570062,0.5909558420494263,0.48245320675079906,0.4968338276654152,0.7199289918744975,0.27491439087180214,0.30018677483374323,0.44560250581668853,0.11619319693437702,0.444529350405458,0.5453245781747281,0.44722534832714944,0.413935335578539,0.648227158533002,0.7788785228692865,0.2781961959536603,0.4746078239484282,0.44854751105261687,0.34762631054552673,0.14592675249183618,0.6060293126176529,0.13219296098802147,0.7511550236975288,0.9081990004009659,0.2742326998080889,0.39991960489764644,0.533444222300927,0.35515154251552794,0.5439249021770304,0.5161089813410189,0.12889084230487408,0.2193389724462373,0.678581766139171,0.18792985724305517,0.8160894312009083,0.2189353126871325,0.7400036116292613,0.1426155033539478,0.44323350314203336,0.6074705597743245,0.5678939538424743,0.6656139218205958,0.15417526188506386,0.32983874808993563,0.5369482358065604,0.17737406219170615,0.6161595479833806,0.2738629668279735,0.2564461069351295
0.6022910389717337,0.19289415709541075,0.3203417691428571,0.6884443726314875,0.18793127056495162,0.6926355515079693,0.47177488740193724,0.4843486893248928,0.26091711414407615,0.5032868249984751,0.6823282702065908,0.3870555528660039,0.48303733841318414,0.10640463910262826,0.7100400759500287,0.4727853903161572,0.3153986236871876,0.5313654520344514,0.4876791958837902,0.31747061411042454,0.403450432759688,0.6629362908642004,0.15978208416290274,0.5108523470398597,0.7246342650097464,0.3091998366441013,0.49738636669333885,0.4933028820697659,0.413948905915705,0.2703981822133238,0.5232428533622359,0.6345146136631038,0.5682853191991477,0.8042051796943419,0.44546902787341136,0.7458567269888159,0.3817961760532722,0.6697361509590017,0.32476672923992456,0.21669493140370366,0.42200684747529965,0.20382731374883223,0.5731644367024313,0.394147431626814,0.2914823344128892,0.2726169382325452,0.2918856410205812,0.5771833725910653,0.5205818538663588,0.2526355291922091
0.6022910389717337,0.19289415709541075,0.3203417691428571,0.6884443726314875,0.18793127056495162,0.6926355515079693,0.47177488740193724,0.4843486893248928,0.26091711414407615,0.5032868249984751,0.6823282702065908,0.3870555528660039,0.48303733841318414,0.10640463910262826,0.7100400759500287,0.4727853903161572,0.3153986236871876,0.5313654520344514,0.4876791958837902,0.31747061411042454,0.403450432759688,0.6629362908642004,0.15978208416290274,0.5108523470398597,0.7246342650097464,0.3091998366441013,0.49738636669333885,0.4933028820697659,0.413948905915705,0.2703981822133238,0.5232428533622359,0.6345146136631038,0.5682853191991477,0.8042051796943419,0.44546902787341136,0.7458567269888159,0.3817961760532722,0.6697361509590017,0.32476672923992456,0.21669493140370366,0.42200684747529965,0.20382731374883223,0.5731644367024313,0.394147431626814,0.2914823344128892,0.2726169382325452,0.2918856410205812,0.5771833725910653,0.5205818538663588,0.2526355291922091
0.1263499214135233,0.3915809108837309,0.3960416065922279,0.693323619221482,0.27365004614601524,0.5892474165710196,0.3912378287152419,0.4848226064110377,0.3535730295669179,0.4348169013142993,0.5857801681364698,0.4788591674635021,0.5931385402757742,0.2744854917169263,0.5209069175466361,0.44151987972916756,0.3050672850881984,0.5440270607655964,0.42731280000416416,0.37419922460644817,0.3772810453399615,0.6480378350178592,0.2758495814976474,0.6689566530538893,0.7074888383351733,0.3084388009166252,0.47196021596407034,0.5720344055785153,0.30525027268327526,0.2572971518503807,0.4611933748507228,0.2981533210088909,0.5349059158135279,0.7838414762411123,0.373197182991167,0.7449029833224112,0.4604723945463927,0.662101060768193,0.40844157629094835,0.32864899234214673,0.5145825363750751,0.4590757028622391,0.7959823065705804,0.4581041100370757,0.43992297228656213,0.3474735829366048,0.25559882673030676,0.5308431119052537,0.31083963180294905,0.280150353794412
0.1263499214135233,0.3816772915353045,0.3939951607578711,0.692464744074104,0.2625544846734858,0.6071216178097757,0.3974536098176773,0.48231985872120153,0.35345114517718745,0.4381414382252303,0.5918203808030756,0.46656006199879263,0.5894621801189369,0.26436179517290254,0.5438958960739556,0.4437737453211386,0.30687867356585175,0.5418551414142752,0.4374147343491199,0.3639640571452883,0.3824222788170852,0.6495954548897609,0.26935459197215494,0.643422392929736,0.7174260645882662,0.3086548801769724,0.47339113563606083,0.5576480366937666,0.30748760381036866,0.25755486610211636,0.4763709860362737,0.3151237986876403,0.5371419221055631,0.7842558825795136,0.383419642863439,0.7452814528403262,0.4531086005451946,0.6635021825211412,0.3922030546844245,0.3099279618298696,0.5076593714615402,0.4444260094714646,0.7742176164094687,0.44741278402239576,0.42536905480732135,0.34494460325943876,0.25852061079366395,0.5386348128224328,0.32119387355368695,0.2745477717437561
0.11840676984035968,0.34593891603659205,0.4188812434490305,0.6306806150260147,0.3155038845967114,0.6208919466347704,0.42540313361083243,0.5948289842705217,0.3237528541090754,0.47028951353900816,0.5162630153176048,0.4961319681096194,0.5639578460657306,0.26828561352919833,0.6282189725233187,0.400119332589258,0.25357543641721353,0.5202648748080889,0.5143490127737811,0.3269280614833217,0.4346084896567299,0.6067043495375972,0.3198893403487125,0.5600805756873894,0.7296424666638275,0.3277555218943413,0.47634020725220105,0.5484142989032385,0.3290897780418509,0.2900886698947096,0.499572432630602,0.4756813536133127,0.5475971929510687,0.7453503372290677,0.29871633043621315,0.7411321209917286,0.4573504410853136,0.6371045154251921,0.3735907003914566,0.27869856824990324,0.4741030216788044,0.41868070072228475,0.6693517057350202,0.3845414444456507,0.48017779774030966,0.3850025633090947,0.2938305961045584,0.5312137159840914,0.41971000098809524,0.28355518074480174
0.11840676984035968,0.3227529725216373,0.3826472681407148,0.6494705667815217,0.27117746952576816,0.5402196878568073,0.36241937800650054,0.5116084588614517,0.4026554193885102,0.464707076478548,0.5349592153976072,0.46755406300649816,0.5834293646944152,0.26852213474157083,0.5964455132703356,0.4967025404866342,0.2931037131331399,0.44741911501231213,0.48303725713743323,0.4019161327712656,0.36176770036200967,0.6197929357784169,0.3480303480822695,0.5683188572347728,0.7368316806394559,0.3560828423707535,0.505338323213967,0.5559366921709802,0.3114280293444639,0.4057780479601466,0.4967779336636448,0.46711477994533,0.5134667540024258,0.7274846129671332,0.34826212714044186,0.7324961434514609,0.40250838291318175,0.6596050546481017,0.36860130465649077,0.29520335621812366,0.466035546231481,0.43976979535371125,0.6670132904675966,0.4375557898699208,0.5032331162800527,0.3608707603035606,0.26884832764298505,0.4671014344446781,0.40969418627324483,0.6387713486218729
0.11155241863508975,0.33773408751617423,0.4010949240592028,0.6450153214634278,0.29125252335130025,0.6141122793712399,0.4233268621438105,0.5747726745056855,0.3432618689777442,0.4647552030690546,0.5220969904502039,0.48669697527967853,0.5681210823015855,0.2671486379194662,0.6166984986082209,0.43713116111699013,0.2725000226448464,0.49795893971884575,0.49150577122258954,0.338731317575225,0.4023818205452351,0.6142703528691478,0.3204975670822828,0.5664317236549544,0.7294570514015807,0.3249905709488302,0.4844292246205422,0.5497614924944811,0.32292274543258315,0.32147583228365173,0.4959606680855916,0.47026058315857394,0.5367575360572503,0.7468376328197117,0.3081023088605014,0.7405834113877967,0.44962905880618226,0.6420367657923689,0.3760098521472247,0.28499557667696035,0.4782841231905767,0.42120125499524474,0.6782192400288264,0.40031961593838594,0.48546313910116334,0.37474966148900124,0.2821860961118345,0.525517634708927,0.41037169928399025,0.38986137810287347
0.11155241863508975,0.330037268136663,0.3946790185447431,0.6489293520305905,0.2759903406350284,0.5721531544034026,0.38719651724131654,0.5383974130228552,0.3810599118403302,0.46413849259084944,0.5325821535466484,0.4757657097165814,0.5791814325800584,0.26819613239107487,0.6069795821500841,0.4796396324461646,0.2846241319915225,0.4678181279505055,0.4845501260490268,0.37644914447620853,0.37195065915232006,0.6184954154717842,0.340759783364506,0.5690634536387811,0.7314832279633251,0.35346811056679983,0.4897241903154863,0.5529541653635905,0.3145926611513141,0.38248275987736735,0.49651571063494016,0.46283809747109367,0.5207555735637325,0.736707680233542,0.33844345642346774,0.7341822727829524,0.4128593066750219,0.6514681611725799,0.37071285007693555,0.2911704778165054,0.46925968587641426,0.4314692391292693,0.6730505728014211,0.4271987827889614,0.494088358723414,0.3642245100467767,0.27673845138293063,0.4807899171943394,0.40803286080668355,0.5847921953118961
0.1083244991454092,0.35374820583644173,0.39740760196539926,0.6484148781134367,0.2698210637550317,0.5901138422881932,0.402622196064391,0.5411443733178591,0.3831177298223996,0.4313822872004625,0.5604309821657811,0.48647005042784913,0.5582174412738646,0.25505171062400356,0.6173598671636997,0.45859656284784095,0.2779023101008636,0.49077371160187383,0.48844080618934294,0.36966809058965633,0.39317966866147186,0.6201992783539436,0.32250217807829196,0.5783360777490946,0.7321952811762968,0.34107916447284825,0.4903715438384402,0.5584048072342376,0.32136124827263446,0.34973022177275526,0.4952866682452244,0.46271811316853384,0.5239608731964497,0.7482745697382065,0.3611404391806186,0.741042699075173,0.4272626502585638,0.6464080298799109,0.36739043351734263,0.2912296329227466,0.4930680498906985,0.4236721865684936,0.6744149945652875,0.421748936478341,0.45144144483299,0.3644491777649033,0.2723170596258341,0.49732684804885513,0.4229920509731984,0.45194356780370704
0.1083244991454092,0.35289229967318697,0.39720588631978654,0.6483103210916443,0.27128918881670994,0.5883325927702446,0.401379979398202,0.5428419312873558,0.38230820706444624,0.4319935484038758,0.5589110995865247,0.4859048538420123,0.5594718502374605,0.2555684618228406,0.6165628176405796,0.45954175340331066,0.2781168774888133,0.488683638118108,0.48832131903102244,0.3701459991382251,0.39299992458814476,0.6193843943176933,0.32387419030387354,0.5768249310118466,0.7321087441815084,0.3423622681185388,0.4903332522136646,0.5575282628214584,0.32099922672580233,0.35279768239746057,0.49558722212139694,0.4627991412902586,0.5235413684163878,0.7477518486833418,0.35994637952320824,0.7407486430549513,0.42711774085239596,0.6468918890141315,0.3681291156590814,0.29113677232530133,0.4915628310373542,0.42391322521772734,0.6743242843224709,0.4225858378082869,0.4539308044059813,0.36462539777178415,0.2727925494077318,0.4964732465271779,0.4226805325577449,0.45522907282528635
0.1083244991454092,0.3495631569359905,0.3947443888702914,0.6478536393611068,0.27230623120738223,0.6024033672934654,0.3996847804474257,0.5423882983904611,0.37791573403436046,0.43076618342828144,0.5534974972974805,0.48116186127327853,0.5665223997472967,0.26311590953770514,0.6315164146432143,0.45615503800379364,0.2905993091711466,0.4870890731787307,0.4893508764416322,0.38300867191556415,0.37843453850146735,0.6209396344594363,0.3200319226228221,0.5765921291045756,0.7315165229948646,0.3406029474600102,0.48936936481480947,0.5710534571995728,0.3223793002558714,0.3545190869659386,0.4933566431822604,0.46953810566098,0.5359509056273645,0.739091048635422,0.3498115499491673,0.7409527758924424,0.42636491013949135,0.6272492694488067,0.3764712122624359,0.299362953499408,0.4840311834012357,0.4273753878090334,0.6809531425746828,0.39888201149625696,0.4237628123128706,0.37073669224447425,0.27546191132141523,0.49973959576152466,0.41155924215216755,0.47868303435918963
0.1083244991454092,0.34970672970870476,0.3949055822988319,0.6478814491010066,0.27206894776543644,0.6019688783994355,0.3999194627332709,0.5425951740083624,0.3781022807801565,0.43090082885013486,0.5533537881931566,0.48138525481334393,0.5663181121598135,0.2617505042373222,0.629079191512063,0.45666521950395605,0.29000321272493135,0.48705556277347595,0.4892516645282253,0.3827619451914043,0.3787361430018501,0.6206390672194937,0.3207922387215112,0.5765974541351895,0.7315964434505482,0.3409725320902077,0.48974331846129077,0.5707619109766613,0.3221998335979347,0.35443815156407776,0.49379860454625746,0.46828761653460443,0.5356320453007135,0.7393347993823821,0.350152560637637,0.7407962940143322,0.4263970823819407,0.6304430675112506,0.3759140183025736,0.29819138563754083,0.4855043667143775,0.42725286123032197,0.6803911291869463,0.40005102583693325,0.4247682497858137,0.37034895103641624,0.27533252172461836,0.4995532914487404,0.41192058998155456,0.4771498559608926
0.1083244991454092,0.348287470242783,0.3952750141986568,0.6482681612224308,0.2732492928670507,0.5894299647481248,0.4000654664815941,0.5427552763849818,0.3788405469724388,0.44283485629592256,0.5538326255226292,0.48179857336228243,0.5657399195772173,0.26491057597486567,0.6252574760102635,0.4600590462003599,0.2834353129746617,0.4798602476745096,0.4880583756036475,0.37586513050848624,0.38381355271703893,0.6199956565289106,0.3233326898268647,0.5747393101894703,0.7315891915363678,0.3431496621755202,0.4895192440725976,0.558449729061093,0.3210067989931397,0.3565585296226449,0.49439310909240347,0.4667732137127223,0.5236267693022785,0.7405407144541101,0.35259085657616723,0.7380742010862361,0.422134072108213,0.6358752230879814,0.37390263469212714,0.2943606580719569,0.4849374430085121,0.42709129020211434,0.6775074919543486,0.41355049213278655,0.4448576444173049,0.3657425726788571,0.27497925753732666,0.4956390781490182,0.415802299343112,0.4919809091711979
0.1083244991454092,0.3479631780718079,0.39597747877233974,0.6479205825205102,0.27309225337762655,0.5953652664250254,0.40074810603269156,0.5425378218168008,0.3806251381180129,0.43846430298644873,0.5532471457067142,0.4806795030855028,0.5660309740958411,0.26232391350831497,0.6239907971320439,0.4610242009117255,0.28581962893965374,0.4865218826822501,0.4881230000583378,0.3756720297385396,0.38559771127027453,0.6208005629969369,0.32175252485855316,0.5748987620024573,0.7315344693469179,0.339992807311066,0.4906389271640835,0.5619310695552544,0.32157306790495177,0.3550162616895163,0.4945798556750347,0.46122149665299794,0.5316044500408416,0.7426415146158895,0.35416476672282265,0.7398184098617939,0.42874396259235886,0.6400777711043459,0.37079771113136184,0.29023174457569456,0.4862154239432963,0.42716252675356187,0.6763225992985906,0.40871686761588466,0.4469517745074628,0.354757151112381,0.2752765913108767,0.498943954988892,0.4172900210186131,0.45362823721469375
0.1083244991454092,0.3480125651337931,0.3959469472864987,0.6479251544442692,0.2730294847257224,0.5950459752433629,0.40069861898023507,0.5425514855325787,0.38052452511427126,0.4385599628933995,0.553302934620483,0.48078236906515487,0.5660322526363221,0.26239233798568995,0.624491618034465,0.46096855216463034,0.28562928577123725,0.48649091379286585,0.4881414036489083,0.3758393057878019,0.3855215896098499,0.6207484942686967,0.32170279839742777,0.5749125221570281,0.7315485640731466,0.34003709095264434,0.4905217018305234,0.5618947561953807,0.32158257166894283,0.35514008519359064,0.49450550164228385,0.461695487149911,0.5317951100524368,0.7425235779185705,0.3539796300753787,0.7398177716557613,0.4284834173619383,0.6395750658765575,0.37091334310352253,0.29034915962624186,0.4862126882589285,0.4271577268432868,0.6765012570909217,0.40894765788048515,0.4463831160632077,0.35539696794415215,0.2752266464498604,0.4987400297348185,0.4171468548318332,0.45380388393004367
0.1083244991454092,0.3480216865624429,0.39594130834466906,0.6479259988451039,0.2730178918154181,0.594987004500521,0.40068947908407754,0.5425540091208132,0.3805059426293454,0.43857763057762333,0.5533132384242716,0.4808013676582311,0.5660324887733852,0.2624049754855369,0.6245841159872513,0.4609582742485998,0.285594130782058,0.4864851940658052,0.48814480265730326,0.3758702004490114,0.38550753049666603,0.6207388775559295,0.3216936142842425,0.5749150635568013,0.7315511672658547,0.3400452698169212,0.4905000511699448,0.5618880493837621,0.32158432694454875,0.3551629544879399,0.49449176899698566,0.4617830297232994,0.5318303235602309,0.7425017958743154,0.3539454366924917,0.7398176537837812,0.42843529656604973,0.6394822199026762,0.37093469948192004,0.29037084532615864,0.48621218299806124,0.42715684033501233,0.676534253876719,0.40899028315210495,0.4462780890132703,0.35551513742711693,0.2752174219998147,0.49870236623389025,0.41712041308564946,0.45383632459197487
0.1083244991454092,0.3480233712235114,0.3959402668734114,0.6479261547997539,0.27301575068978856,0.5949761130362056,0.40068779101219565,0.542554475209078,0.3805025105804732,0.4385808936695057,0.5533151414613688,0.4808048765592312,0.5660325323861712,0.2624073095392046,0.6246011996816982,0.46095637599278194,0.28558763791302316,0.48648413767410703,0.4881454304292603,0.3758759064666718,0.3855049338814265,0.6207371014195119,0.32169191804579933,0.5749155329347269,0.7315516480564828,0.3400467803932531,0.4904960524515001,0.5618868106847753,0.3215846511310979,0.35516717827911704,0.4944892326779736,0.4617991981954636,0.5318368272372251,0.742497772890268,0.3539391214250965,0.7398176320136897,0.4284264090074741,0.6394650719312818,0.37093864384860115,0.29037485051611245,0.48621208968007945,0.42715667660342665,0.6765403481413952,0.40899815572759596,0.44625869128633955,0.3555369624651759,0.27521571831144886,0.4986954100611072,0.4171155294887822,0.45384231614464604
0.1083244991454092,0.3480236823680727,0.3959400745212976,0.6479261836034356,0.2730153552395659,0.594974101462513,0.40068747923768205,0.542554561292167,0.380501876706182,0.43858149633867827,0.5533154929383832,0.4808055246275476,0.5660325404411335,0.262407740621823,0.6246043549149458,0.46095602539883473,0.28558643872766465,0.4864839425662971,0.4881455463741431,0.3758769603263442,0.38550445430560876,0.6207367733801236,0.32169160476298175,0.5749156196253922,0.7315517368549905,0.3400470593856385,0.490495313917489,0.5618865819061444,0.3215847110059793,0.35516795838241344,0.4944887642384275,0.4618021843938584,0.5318380284187346,0.7424970298745778,0.3539379550414601,0.7398176279929132,0.4284247675404955,0.6394619048265527,0.37093937234423957,0.29037559024536386,0.48621207244493164,0.4271566463634019,0.676541473707448,0.4089996097346323,0.4462551086682397,0.3555409933898641,0.27521540365268515,0.49869412530693946,0.41711462752420714,0.4538434227405437
0.10499824245531864,0.32044259075326026,0.40274184803492086,0.630821729279624,0.3375546564417722,0.6202252561924204,0.3774973522629268,0.4767328247635031,0.3829724848244527,0.4402390391683589,0.5317399217578331,0.4752911286472999,0.5525303095505054,0.2723300261973163,0.630956334137687,0.4688737509264138,0.28413246593743324,0.4922802904646948,0.47937033828370845,0.3756249308967444,0.33905502894480305,0.6236590716684849,0.28818866946464333,0.5876599018502604,0.7451095912669407,0.3343344489799581,0.46123563289612785,0.5400334133671167,0.3180066124116188,0.381722840986813,0.49318457402369537,0.42075614657280613,0.47440035216896465,0.7414170589795908,0.3434688119079199,0.7404580511359602,0.41046203585775237,0.6452661668937516,0.35221471894977163,0.3033239470851413,0.4936272586549356,0.43400132159133636,0.6518169942752453,0.37092356187767156,0.4397089278880683,0.36627049022666325,0.2562362119573839,0.5244700326201628,0.37375811667128456,0.4157432656042003
0.10499824245531864,0.3205708950664187,0.401601762403871,0.6314388295960316,0.3363419586961456,0.6148075263434566,0.37967326623771647,0.47898114523843893,0.3827774907357938,0.4413261536959225,0.5354541642565469,0.47574574446524837,0.5568910822410728,0.2699474941981675,0.6302042437877169,0.46673182280720094,0.2843565728199635,0.4916350700897319,0.4802505049148988,0.37562654122699374,0.34140430056867266,0.6234428307709003,0.2908747587112972,0.587132128585703,0.7421833813022739,0.33515743745707416,0.46334447290906744,0.5413859772505328,0.3182754547447403,0.37885789618231785,0.4932883882646218,0.42364886291731285,0.4769287863203682,0.7414975684646451,0.3456269188819608,0.7400499400583977,0.4119869965092443,0.6435370718183939,0.3548398937497339,0.30246669829514006,0.4932591356878486,0.43196511880492927,0.6523308866916286,0.37274185664601,0.43998359174029256,0.3648139069933932,0.257379283769406,0.523098873113605,0.37554520312447215,0.41934093497879477
0.10499824245531864,0.33372761359160474,0.39964217701298677,0.6415770403219687,0.3032930025088698,0.6079436293102474,0.39640374893243835,0.4965965419203188,0.38218936566047235,0.4396224273398185,0.540926861706764,0.47732585299268115,0.5591598911001097,0.26384504598299396,0.6260210922089865,0.46584550084959186,0.2851704721472092,0.4885012976308372,0.4844318953826625,0.3757206977633505,0.36259253626952354,0.6216096661839831,0.3113567403604831,0.5814806433784925,0.7384498583530774,0.3378826153736699,0.4850839965515768,0.5482332460064024,0.31945282024262794,0.36876428832335734,0.49413023192795635,0.437945053621986,0.4926745007281375,0.742890910048867,0.3520105062298179,0.7397643677729988,0.41986626883784434,0.6430011984043094,0.3647744311955281,0.2916251103769095,0.49137153768601105,0.4294119388865445,0.6657967468598261,0.3893196409823117,0.4434368258624008,0.36333609267781536,0.26680077107555467,0.5181192415006444,0.3873370489772087,0.44130233173701783
0.10499824245531864,0.3319506870113105,0.3998594904910916,0.6412714112654216,0.30696909676100126,0.6083330510309232,0.39596709356731313,0.4935916227592534,0.3823274624180899,0.43971983622311883,0.5400851855012186,0.47712678285426946,0.5588202672106638,0.26406685319608747,0.6261876031515734,0.46614727005811346,0.28513357908499115,0.4885308999250487,0.48407733914682444,0.3757147665252786,0.3617830390124586,0.6217039688170221,0.31057654182584066,0.5822460484090669,0.7389109365711436,0.3376487988957101,0.4842206127103845,0.5469592494668983,0.3192390387237505,0.3693299040783745,0.494113621286189,0.43674244503345805,0.4900150099248166,0.7427868209527284,0.35168418724327255,0.7397752395310592,0.41891993136267747,0.6431127702052527,0.3636843402271301,0.2917588836390799,0.4917463494839004,0.4298143335499851,0.6636293157396796,0.3870343381808234,0.44303739349572974,0.3636102069314656,0.26556825358710034,0.5188856995965091,0.38523014079880297,0.43988902312384714
0.10499824245531864,0.3316225016857095,0.3998996266989463,0.6412149638170305,0.3076480444465471,0.6084049743707017,0.3958864465193325,0.49303663619750393,0.3823529678778347,0.43973782693046537,0.5399297340702869,0.4770900160576462,0.5587575411656062,0.26410781936388356,0.6262183565031835,0.4662030046208429,0.2851267652065953,0.48853636725198957,0.484011855206749,0.3757136710690457,0.3616335307976404,0.6217213858226948,0.31043244487047705,0.5823874131125731,0.7389960943411953,0.33760561470464606,0.4840611520381302,0.5467239516364937,0.3191995548428978,0.3694343691658935,0.4941105534223069,0.43652033203477064,0.48952382145090895,0.7427675964589948,0.3516239185163388,0.7397772474651507,0.41874514976176036,0.6431333766997622,0.3634830084088289,0.2917835905808799,0.4918155744779399,0.4298886528972817,0.6632290070855285,0.3866122594903921,0.44296362126295136,0.36366083382656844,0.26534061663364206,0.519027258793462,0.384841010288736,0.4396279953737241
0.10499824245531864,0.33156188825962074,0.3999070395625892,0.6412045383867201,0.3077734411116192,0.6084182580848096,0.3958715516002099,0.4929341342441358,0.38235767854945374,0.4397411496823527,0.5399010233294824,0.47708322549958104,0.5587459561244744,0.2641153855150492,0.6262240364219958,0.4662132983863926,0.2851255067331588,0.48853737702723415,0.4839997608026056,0.3757134687463023,0.36160591772532535,0.6217246026160845,0.3104058312181526,0.5824135221379899,0.739011822357649,0.33759763890082706,0.48403170081981617,0.5466804938504822,0.3191922624592747,0.3694536631024813,0.4941099868103162,0.43647930939061486,0.4894331025371235,0.7427640458357978,0.3516127873238677,0.7397776183158719,0.41871286888012904,0.6431371825683811,0.3634458238964941,0.29178815377208267,0.4918283598273519,0.4299023791364305,0.6631550730088703,0.3865343046474714,0.44294999607184715,0.3636701842433149,0.26529857375549615,0.519053403740394,0.38476914073342416,0.43957978545998033
0.10499824245531864,0.3315506934037402,0.39990840866421407,0.641202612886095,0.30779660095728323,0.6084207114895187,0.3958688006177348,0.49291520288404816,0.38235854857600193,0.43974176337029125,0.5398957206659263,0.4770819713332388,0.5587438164522234,0.26411678292775687,0.626225085461402,0.4662151995695006,0.2851252743023318,0.4885375635253265,0.48399752705473675,0.3757134313787734,0.36160081779310016,0.6217251967342646,0.3104009158714802,0.5824183442837683,0.7390147272070998,0.33759616582827456,0.4840262613954871,0.5466724675156802,0.31919091560942714,0.36945722655126495,0.49410988216123125,0.4364717328086791,0.48941634741815065,0.7427633900616972,0.3516107314741404,0.739777686809284,0.41870690683770906,0.6431378854844417,0.3634389561893962,0.29178899656007806,0.4918307211877515,0.4299049142722736,0.6631414179263868,0.3865199069589063,0.4429474795988378,0.36367191119680775,0.26529080874381444,0.5190582325206131,0.38475586695291325,0.4395708814419896
0.10499824245531864,0.33167396194963533,0.3997816862246901,0.6398531963831013,0.30779888684583534,0.6088105780321531,0.3957469789294538,0.49638527135296734,0.3822299091275387,0.43964238295349245,0.5399690072814379,0.4771723192302466,0.5588779565847919,0.2644285158412112,0.6264450202117416,0.4659015283409077,0.2850787338847896,0.4886361255779203,0.48383305934043014,0.37572356239892163,0.36131811647404877,0.6216459864504768,0.30839225603668335,0.5816075003436989,0.7392027654925079,0.3376098973742499,0.4811235251398978,0.5460913807085611,0.3195080124577458,0.36922837276240283,0.49406248041462175,0.43700411014935564,0.49042103229637257,0.7423588095795026,0.3509311925144273,0.7398993418470553,0.4204715451441091,0.6428650611674493,0.36332791464104697,0.29410061911086816,0.49143000755358224,0.4296286815122175,0.6635052651789035,0.38813729308192624,0.44355509969039736,0.36319946537540226,0.26532923463586844,0.5190528389031891,0.3913851330453407,0.4369282415976374
0.10499824245531864,0.33164893198119,0.39978495856123925,0.6399507969256235,0.30779458587253405,0.6087669907945726,0.3958116541263796,0.49542868382065997,0.38224036145221923,0.4396496225046971,0.5399389619499064,0.4771694071614115,0.5588445238435674,0.2643567381473471,0.6264307049023488,0.4659595647849625,0.28508360166840246,0.4886134513554205,0.48383858371827587,0.37572331852036167,0.36136405929892573,0.6216508025367079,0.3084634401219679,0.5816430657080789,0.7391980723372266,0.337608036014407,0.4811891459030821,0.5461349925830569,0.3194956713054808,0.3692687646405736,0.4940726907448342,0.4369351426724074,0.4902004621341923,0.7423795965640106,0.35099399248349317,0.7398941261773385,0.4203211196565503,0.6428926079138528,0.3633322365892892,0.2940781373806224,0.49145267100293577,0.42964748868122604,0.6634692679578749,0.38801961845315086,0.44352976033391056,0.36320877318534683,0.2653259696052284,0.519057278852153,0.39092213674333276,0.4371881561204553
0.10499824245531864,0.33164430912933157,0.39978556293783407,0.6399688230310248,0.30779379151426456,0.6087589405510139,0.39582359916158627,0.49525200910925793,0.38224229192003745,0.43965095959678385,0.5399334127972173,0.4771688693236249,0.5588383490611165,0.26434348133297286,0.6264280609695458,0.4659702836911346,0.2850845007123853,0.4886092635925853,0.48383960403040477,0.37572327347777773,0.36137254460220636,0.621651692032563,0.308476587301185,0.5816496343704077,0.7391972055458177,0.33760769223487613,0.4812012655774517,0.5461430473768735,0.31949339198504106,0.36927622472465144,0.4940745765180464,0.43692240488451617,0.49015972444064004,0.7423834357678105,0.3510055911778479,0.7398931628813401,0.42029333717067796,0.6428976955961678,0.3633330348214766,0.29407398516969674,0.4914568567760497,0.4296509622276028,0.6634626195347857,0.3879978848110365,0.44352508034034677,0.36321049226967544,0.2653253665779815,0.5190580988782095,0.3908366247172246,0.4372361604292688
0.10499824245531864,0.33164345532245,0.39978567456176484,0.6399721523206735,0.3077936448021099,0.6087574537299866,0.3958258053221064,0.49521937858398474,0.3822426484633052,0.43965120654789974,0.5399323879093563,0.47716876998892477,0.5588372086240205,0.2643410328964476,0.6264275726545206,0.46597226339460185,0.2850846667592245,0.48860849014345975,0.4838397924745824,0.3757232651587423,0.361374111775578,0.621651856315933,0.30847901548889967,0.5816508475542326,0.7391970454557926,0.33760762874131456,0.4812035039925462,0.5461445350383,0.31949297101124907,0.36927760254754477,0.4940749248065478,0.4369200523083811,0.4901522004869939,0.742384144840635,0.3510077333717492,0.7398929849676242,0.42028820594900956,0.6428986352538304,0.3633331822491156,0.29407321828674854,0.4914576298576883,0.42965160376617917,0.6634613916197326,0.38799387076650993,0.4435242159798107,0.3632108097719608,0.26532525520326544,0.5190582503310165,0.39082083127227174,0.4372450264735348
0.10499824245531864,0.331643297630572,0.3997856951778873,0.6399727672160886,0.30779361770544944,0.6087571791250319,0.39582621278379715,0.4952133519649448,0.3822427143142355,0.43965125215796225,0.5399321986200744,0.47716875164253314,0.5588369979936412,0.2643405806881532,0.6264274824663117,0.4659726290313334,0.28508469742685966,0.48860834729307084,0.48383982727884195,0.3757232636222775,0.36137440122102216,0.6216518866578682,0.3084794639573871,0.5816510716204,0.7391970158883374,0.33760761701451875,0.48120391741142055,0.5461448097984702,0.31949289326047275,0.3692778570213423,0.4940749891328832,0.43691961780479865,0.4901508108678591,0.7423842758011925,0.3510081290192738,0.7398929521082639,0.4202872582499472,0.6428988088017189,0.3633332094779208,0.29407307664908444,0.49145777264020507,0.4296517222536558,0.6634611648328153,0.38799312940188374,0.44352405633875003,0.3632108684123076,0.26532523463317104,0.5190582783032408,0.3908179143386563,0.437246663966978
0.10499824245531864,0.3316432685060371,0.3997856989855342,0.6399728807827685,0.30779361270089467,0.608757128407508,0.39582628803898723,0.4952122388925456,0.3822427264764201,0.43965126058180676,0.5399321636597303,0.47716874825408895,0.5588369590917527,0.2643404971685931,0.6264274658092102,0.4659726965617599,0.28508470309094724,0.48860832090965023,0.4838398337069338,0.37572326333850364,0.3613744546794758,0.6216518922618014,0.30847954678623224,0.5816511130037801,0.739197010427445,0.3376076148486654,0.48120399376685885,0.5461448605446614,0.31949287890047384,0.369277904020789,0.4940750010134862,0.43691953755516916,0.4901505542153821,0.7423842999886484,0.351008202092474,0.7398929460393806,0.42028708321687114,0.6428988408547429,0.3633332145068817,0.29407305048964527,0.4914577990110902,0.4296517441374249,0.6634611229469326,0.3879929924772668,0.44352402685421527,0.3632108792427502,0.26532523083402526,0.5190582834695058,0.39081737560238045,0.4372469664000243
0.10499824245531864,0.33164326312694875,0.39978569968877864,0.6399729017577026,0.30779361177659004,0.6087571190403527,0.3958263019380697,0.4952120333162254,0.3822427287226865,0.4396512621376291,0.5399321572028107,0.4771687476282681,0.5588369519068588,0.26434048174314195,0.6264274627327654,0.46597270903413507,0.28508470413706277,0.48860831603682564,0.4838398348941553,0.3757232632860927,0.3613744645528607,0.6216518932968069,0.3084795620841133,0.5816511206469873,0.7391970094188581,0.3376076144486482,0.4812040078691491,0.5461448699171112,0.31949287624828715,0.36927791270124266,0.4940750032077466,0.4369195227336503,0.49015050681354927,0.7423843044558943,0.35100821558855894,0.7398929449185023,0.4202870508895439,0.6428988467747017,0.36333321543569397,0.29407304565818837,0.4914578038815996,0.4296517481791968,0.6634611152109168,0.3879929671882929,0.44352402140863767,0.3632108812430536,0.2653252301323509,0.5190582844236771,0.3908172761017359,0.43724702225719303
0.10499824245531864,0.3316432621334705,0.39978569981866274,0.6399729056316192,0.30779361160587776,0.6087571173103078,0.39582630450512846,0.4952119953477846,0.3822427291375554,0.43965126242497815,0.539932156010265,0.4771687475126836,0.5588369505798615,0.2643404788941741,0.6264274621645687,0.4659727113376914,0.28508470433027266,0.4886083151368506,0.4838398351134264,0.37572326327641276,0.3613744663764026,0.6216518934879648,0.3084795649095199,0.5816511220586318,0.7391970092325796,0.33760761437476794,0.48120401047373884,0.5461448716481341,0.31949287575844776,0.36927791430445883,0.49407500361301043,0.43691951999622436,0.4901504980587779,0.742384305280962,0.351008218081187,0.7398929447114844,0.4202870449189233,0.6428988478680747,0.36333321560723875,0.2940730447658537,0.491457804781147,0.4296517489256825,0.6634611137821314,0.3879929625176046,0.44352402040287936,0.36321088161249504,0.26532523000275676,0.5190582845999054,0.39081725772469555,0.437247032573603
0.10499824245531864,0.3316432619499824,0.3997856998426514,0.6399729063471034,0.3077936115743485,0.6087571169907812,0.3958263049792454,0.4952119883352917,0.3822427292141787,0.43965126247804936,0.5399321557900105,0.477168747491336,0.5588369503347748,0.2643404783679907,0.6264274620596268,0.4659727117631414,0.2850847043659571,0.48860831497063184,0.48383983515392415,0.37572326327462496,0.36137446671319745,0.6216518935232702,0.3084795654313518,0.5816511223193521,0.7391970091981752,0.3376076143611228,0.4812040109547875,0.5461448719678413,0.31949287566797796,0.36927791460056114,0.49407500368785967,0.43691951949064184,0.4901504964418358,0.7423843054333459,0.3510082185415571,0.7398929446732496,0.4202870438161934,0.6428988480700127,0.36333321563892185,0.294073044601046,0.4914578049472868,0.4296517490635529,0.6634611135182451,0.3879929616549627,0.44352402021712317,0.3632108816807281,0.2653252299788217,0.5190582846324536,0.3908172543305908,0.43724703447896834
0.10499824245531864,0.3316432619160935,0.3997856998470819,0.639972906479248,0.30779361156852525,0.6087571169317669,0.3958263050668113,0.4952119870401356,0.38224272922833047,0.43965126248785125,0.5399321557493312,0.47716874748739324,0.5588369502895091,0.2643404782708084,0.6264274620402449,0.4659727118417189,0.28508470437254774,0.48860831493993245,0.4838398351614038,0.3757232632742948,0.36137446677540097,0.6216518935297909,0.30847956552773037,0.5816511223675053,0.7391970091918211,0.33760761435860265,0.48120401104363364,0.5461448720268889,0.3194928756512688,0.36927791465524906,0.4940750037016838,0.4369195193972644,0.4901504961431984,0.74238430546149,0.3510082186265841,0.7398929446661879,0.4202870436125273,0.6428988481073092,0.36333321564477344,0.29407304457060723,0.49145780497797165,0.42965174908901654,0.6634611134695073,0.3879929614956391,0.44352402018281534,0.36321088169333027,0.265325229974401,0.519058284638465,0.39081725370372444,0.43724703483087535
0.10499824245531864,0.33164326190983445,0.3997856998479002,0.6399729065036541,0.3077936115674497,0.6087571169208674,0.3958263050829841,0.49521198680092976,0.38224272923094416,0.4396512624896616,0.539932155741818,0.47716874748666505,0.5588369502811489,0.26434047825285956,0.6264274620366652,0.4659727118562316,0.285084704373765,0.4886083149342625,0.4838398351627852,0.3757232632742338,0.36137446678688956,0.6216518935309953,0.3084795655455308,0.5816511223763988,0.7391970091906475,0.3376076143581372,0.48120401106004285,0.5461448720377946,0.3194928756481828,0.3692779146653495,0.494075003704237,0.43691951938001833,0.4901504960880423,0.7423843054666881,0.35100821864228793,0.7398929446648838,0.42028704357491165,0.6428988481141975,0.3633332156458542,0.2940730445649854,0.4914578049836389,0.4296517490937195,0.6634611134605057,0.3879929614662132,0.44352402017647896,0.36321088169565785,0.26532522997358454,0.5190582846395753,0.39081725358794683,0.43724703489587
0.10499824245531864,0.33164326190867843,0.39978569984805135,0.6399729065081617,0.30779361156725105,0.6087571169188544,0.3958263050859711,0.49521198675675016,0.38224272923142694,0.439651262489996,0.5399321557404304,0.47716874748653054,0.5588369502796048,0.26434047824954454,0.626427462036004,0.465972711858912,0.2850847043739898,0.48860831493321527,0.48383983516304035,0.3757232632742225,0.3613744667890114,0.6216518935312176,0.3084795655488184,0.5816511223780414,0.7391970091904307,0.3376076143580512,0.48120401106307353,0.5461448720398088,0.31949287564761286,0.36927791466721493,0.4940750037047086,0.4369195193768331,0.4901504960778553,0.7423843054676482,0.3510082186451884,0.7398929446646428,0.4202870435679643,0.6428988481154698,0.3633332156460538,0.2940730445639471,0.49145780498468555,0.4296517490945881,0.6634611134588433,0.38799296146077844,0.4435240201753087,0.36321088169608773,0.2653252299734338,0.5190582846397803,0.3908172535665636,0.4372470349078741
0.10499824245531864,0.33164326190846494,0.3997856998480792,0.6399729065089943,0.3077936115672144,0.6087571169184826,0.3958263050865228,0.4952119867485905,0.3822427292315161,0.4396512624900577,0.5399321557401741,0.47716874748650573,0.5588369502793196,0.2643404782489323,0.626427462035882,0.46597271185940703,0.28508470437403133,0.48860831493302187,0.4838398351630875,0.37572326327422045,0.36137446678940327,0.6216518935312587,0.30847956554942557,0.5816511223783447,0.7391970091903907,0.3376076143580353,0.48120401106363325,0.5461448720401808,0.31949287564750756,0.3692779146675595,0.4940750037047957,0.4369195193762448,0.4901504960759739,0.7423843054678254,0.35100821864572407,0.7398929446645983,0.4202870435666812,0.6428988481157047,0.36333321564609067,0.2940730445637554,0.4914578049848789,0.4296517490947485,0.6634611134585362,0.3879929614597747,0.4435240201750925,0.3632108816961671,0.2653252299734059,0.5190582846398182,0.3908172535626142,0.4372470349100911
0.10499824245531864,0.3316432619084255,0.3997856998480844,0.6399729065091481,0.30779361156720764,0.6087571169184138,0.39582630508662464,0.4952119867470835,0.3822427292315326,0.43965126249006914,0.5399321557401268,0.4771687474865011,0.5588369502792669,0.26434047824881923,0.6264274620358594,0.4659727118594985,0.285084704374039,0.4886083149329862,0.4838398351630962,0.37572326327422007,0.36137446678947566,0.6216518935312664,0.3084795655495377,0.5816511223784008,0.7391970091903833,0.33760761435803244,0.48120401106373667,0.5461448720402494,0.31949287564748813,0.36927791466762316,0.4940750037048118,0.43691951937613616,0.4901504960756264,0.7423843054678583,0.351008218645823,0.7398929446645901,0.4202870435664442,0.6428988481157482,0.36333321564609744,0.29407304456371997,0.4914578049849146,0.42965174909477816,0.6634611134584795,0.3879929614595893,0.4435240201750526,0.36321088169618176,0.2653252299734008,0.5190582846398252,0.3908172535618848,0.4372470349105006
0.10499824245531864,0.33164326190841825,0.3997856998480853,0.6399729065091764,0.30779361156720636,0.6087571169184012,0.3958263050866435,0.49521198674680517,0.38224272923153557,0.43965126249007125,0.539932155740118,0.4771687474865003,0.5588369502792572,0.26434047824879836,0.6264274620358552,0.4659727118595154,0.28508470437404043,0.48860831493297957,0.4838398351630978,0.37572326327422,0.36137446678948904,0.6216518935312677,0.3084795655495584,0.5816511223784111,0.7391970091903819,0.3376076143580319,0.48120401106375577,0.5461448720402622,0.3194928756474845,0.3692779146676349,0.4940750037048147,0.43691951937611606,0.4901504960755622,0.7423843054678643,0.35100821864584125,0.7398929446645885,0.4202870435664004,0.6428988481157563,0.3633332156460987,0.2940730445637134,0.4914578049849212,0.42965174909478365,0.663461113458469,0.38799296145955503,0.4435240201750452,0.3632108816961845,0.26532522997339986,0.5190582846398265,0.3908172535617501,0.4372470349105762
0.10499824245531864,0.3316432619084169,0.39978569984808554,0.6399729065091817,0.30779361156720614,0.6087571169183988,0.39582630508664696,0.49521198674675376,0.3822427292315361,0.43965126249007164,0.5399321557401164,0.4771687474865001,0.5588369502792554,0.2643404782487945,0.6264274620358544,0.4659727118595185,0.28508470437404065,0.48860831493297835,0.4838398351630981,0.37572326327421995,0.3613744667894915,0.621651893531268,0.30847956554956224,0.581651122378413,0.7391970091903817,0.33760761435803177,0.48120401106375926,0.5461448720402645,0.31949287564748385,0.36927791466763704,0.4940750037048153,0.4369195193761124,0.49015049607555033,0.7423843054678654,0.35100821864584464,0.7398929446645883,0.42028704356639235,0.6428988481157577,0.36333321564609894,0.2940730445637122,0.4914578049849224,0.42965174909478465,0.6634611134584671,0.3879929614595487,0.44352402017504383,0.363210881696185,0.2653252299733997,0.5190582846398267,0.39081725356172525,0.4372470349105902
0.10499824245531864,0.33164326190841664,0.39978569984808554,0.6399729065091826,0.3077936115672061,0.6087571169183984,0.3958263050866476,0.49521198674674427,0.38224272923153624,0.4396512624900717,0.5399321557401161,0.4771687474865001,0.5588369502792551,0.2643404782487938,0.6264274620358543,0.46597271185951905,0.2850847043740407,0.4886083149329781,0.48383983516309814,0.37572326327421995,0.3613744667894919,0.621651893531268,0.3084795655495629,0.5816511223784133,0.7391970091903817,0.3376076143580317,0.48120401106375993,0.546144872040265,0.31949287564748374,0.36927791466763743,0.4940750037048154,0.4369195193761117,0.49015049607554817,0.7423843054678656,0.35100821864584525,0.7398929446645883,0.4202870435663908,0.6428988481157579,0.363333215646099,0.29407304456371197,0.49145780498492264,0.4296517490947848,0.6634611134584667,0.38799296145954754,0.4435240201750436,0.3632108816961851,0.2653252299733997,0.5190582846398267,0.39081725356172065,0.43724703491059275
0.10499824245531864,0.33164326190841664,0.39978569984808554,0.6399729065091828,0.3077936115672061,0.6087571169183983,0.39582630508664773,0.4952119867467425,0.38224272923153624,0.4396512624900717,0.539932155740116,0.47716874748650007,0.558836950279255,0.26434047824879364,0.6264274620358543,0.46597271185951916,0.2850847043740407,0.48860831493297807,0.48383983516309814,0.37572326327421995,0.36137446678949203,0.621651893531268,0.3084795655495631,0.5816511223784134,0.7391970091903817,0.3376076143580317,0.48120401106376004,0.5461448720402651,0.31949287564748374,0.3692779146676375,0.4940750037048154,0.43691951937611156,0.4901504960755478,0.7423843054678656,0.35100821864584536,0.7398929446645883,0.4202870435663906,0.642898848115758,0.363333215646099,0.2940730445637119,0.4914578049849227,0.4296517490947849,0.6634611134584667,0.3879929614595473,0.44352402017504355,0.3632108816961851,0.2653252299733997,0.5190582846398267,0.3908172535617198,0.43724703491059325
0.10499824245531864,0.33164326190841664,0.39978569984808554,0.6399729065091828,0.3077936115672061,0.6087571169183983,0.39582630508664773,0.4952119867467422,0.38224272923153624,0.4396512624900717,0.539932155740116,0.47716874748650007,0.558836950279255,0.2643404782487936,0.6264274620358543,0.46597271185951916,0.2850847043740407,0.48860831493297807,0.48383983516309814,0.37572326327421995,0.36137446678949203,0.621651893531268,0.30847956554956313,0.5816511223784134,0.7391970091903817,0.3376076143580317,0.48120401106376004,0.5461448720402651,0.31949287564748374,0.3692779146676375,0.4940750037048154,0.4369195193761115,0.49015049607554767,0.7423843054678656,0.3510082186458454,0.7398929446645883,0.42028704356639046,0.642898848115758,0.363333215646099,0.2940730445637119,0.4914578049849227,0.4296517490947849,0.6634611134584667,0.3879929614595473,0.44352402017504355,0.3632108816961851,0.2653252299733997,0.5190582846398267,0.39081725356171965,0.4372470349105933
0.10499824245531864,0.33164326190841664,0.39978569984808554,0.6399729065091828,0.3077936115672061,0.6087571169183983,0.39582630508664773,0.49521198674674216,0.38224272923153624,0.4396512624900717,0.539932155740116,0.47716874748650007,0.558836950279255,0.2643404782487936,0.6264274620358543,0.4659727118595192,0.2850847043740407,0.48860831493297807,0.48383983516309814,0.37572326327421995,0.36137446678949203,0.621651893531268,0.30847956554956313,0.5816511223784134,0.7391970091903817,0.3376076143580317,0.48120401106376004,0.5461448720402651,0.31949287564748374,0.3692779146676375,0.4940750037048154,0.4369195193761115,0.49015049607554767,0.7423843054678656,0.3510082186458454,0.7398929446645883,0.42028704356639046,0.642898848115758,0.363333215646099,0.2940730445637119,0.4914578049849227,0.4296517490947849,0.6634611134584667,0.38799296145954726,0.44352402017504355,0.3632108816961851,0.2653252299733997,0.5190582846398267,0.3908172535617196,0.43724703491059336
0.10499824245531864,0.33164326190841664,0.39978569984808554,0.6399729065091828,0.3077936115672061,0.6087571169183983,0.39582630508664773,0.4952119867467421,0.38224272923153624,0.4396512624900717,0.539932155740116,0.47716874748650007,0.558836950279255,0.2643404782487936,0.6264274620358543,0.4659727118595192,0.2850847043740407,0.48860831493297807,0.48383983516309814,0.37572326327421995,0.36137446678949203,0.621651893531268,0.30847956554956313,0.5816511223784134,0.7391970091903817,0.3376076143580317,0.48120401106376004,0.5461448720402651,0.31949287564748374,0.3692779146676375,0.4940750037048154,0.4369195193761115,0.49015049607554767,0.7423843054678656,0.3510082186458454,0.7398929446645883,0.42028704356639046,0.642898848115758,0.363333215646099,0.2940730445637119,0.4914578049849227,0.4296517490947849,0.6634611134584667,0.38799296145954726,0.44352402017504355,0.3632108816961851,0.2653252299733997,0.5190582846398267,0.3908172535617196,0.43724703491059336
0.10499824245531864,0.33164326190841664,0.39978569984808554,0.6399729065091828,0.3077936115672061,0.6087571169183983,0.39582630508664773,0.4952119867467421,0.38224272923153624,0.4396512624900717,0.539932155740116,0.47716874748650007,0.558836950279255,0.2643404782487936,0.6264274620358543,0.4659727118595192,0.2850847043740407,0.48860831493297807,0.48383983516309814,0.37572326327421995,0.36137446678949203,0.621651893531268,0.30847956554956313,0.5816511223784134,0.7391970091903817,0.3376076143580317,0.48120401106376004,0.5461448720402651,0.31949287564748374,0.3692779146676375,0.4940750037048154,0.4369195193761115,0.49015049607554767,0.7423843054678656,0.3510082186458454,0.7398929446645883,0.42028704356639046,0.642898848115758,0.363333215646099,0.2940730445637119,0.4914578049849227,0.4296517490947849,0.6634611134584667,0.38799296145954726,0.44352402017504355,0.3632108816961851,0.2653252299733997,0.5190582846398267,0.3908172535617196,0.43724703491059336
0.10499824245531864,0.33164326190841664,0.39978569984808554,0.6399729065091828,0.3077936115672061,0.6087571169183983,0.39582630508664773,0.4952119867467421,0.38224272923153624,0.4396512624900717,0.539932155740116,0.47716874748650007,0.558836950279255,0.2643404782487936,0.6264274620358543,0.4659727118595192,0.2850847043740407,0.48860831493297807,0.48383983516309814,0.37572326327421995,0.36137446678949203,0.621651893531268,0.30847956554956313,0.5816511223784134,0.7391970091903817,0.3376076143580317,0.48120401106376004,0.5461448720402651,0.31949287564748374,0.3692779146676375,0.4940750037048154,0.4369195193761115,0.49015049607554767,0.7423843054678656,0.3510082186458454,0.7398929446645883,0.42028704356639046,0.642898848115758,0.363333215646099,0.2940730445637119,0.4914578049849227,0.4296517490947849,0.6634611134584667,0.38799296145954726,0.44352402017504355,0.3632108816961851,0.2653252299733997,0.5190582846398267,0.3908172535617196,0.43724703491059336
0.10499824245531864,0.33164326190841664,0.39978569984808554,0.6399729065091828,0.3077936115672061,0.6087571169183983,0.39582630508664773,0.4952119867467421,0.38224272923153624,0.4396512624900717,0.539932155740116,0.47716874748650007,0.558836950279255,0.2643404782487936,0.6264274620358543,0.4659727118595192,0.2850847043740407,0.48860831493297807,0.48383983516309814,0.37572326327421995,0.36137446678949203,0.621651893531268,0.30847956554956313,0.5816511223784134,0.7391970091903817,0.3376076143580317,0.48120401106376004,0.5461448720402651,0.31949287564748374,0.3692779146676375,0.4940750037048154,0.4369195193761115,0.49015049607554767,0.7423843054678656,0.3510082186458454,0.7398929446645883,0.42028704356639046,0.642898848115758,0.363333215646099,0.2940730445637119,0.4914578049849227,0.4296517490947849,0.6634611134584667,0.38799296145954726,0.44352402017504355,0.3632108816961851,0.2653252299733997,0.5190582846398267,0.3908172535617196,0.43724703491059336
0.10499824245531864,0.33164326190841664,0.39978569984808554,0.6399729065091828,0.3077936115672061,0.6087571169183983,0.39582630508664773,0.4952119867467421,0.38224272923153624,0.4396512624900717,0.539932155740116,0.47716874748650007,0.558836950279255,0.2643404782487936,0.6264274620358543,0.4659727118595192,0.2850847043740407,0.48860831493297807,0.48383983516309814,0.37572326327421995,0.36137446678949203,0.621651893531268,0.30847956554956313,0.5816511223784134,0.7391970091903817,0.3376076143580317,0.48120401106376004,0.5461448720402651,0.31949287564748374,0.3692779146676375,0.4940750037048154,0.4369195193761115,0.49015049607554767,0.7423843054678656,0.3510082186458454,0.7398929446645883,0.42028704356639046,0.642898848115758,0.363333215646099,0.2940730445637119,0.4914578049849227,0.4296517490947849,0.6634611134584667,0.38799296145954726,0.44352402017504355,0.3632108816961851,0.2653252299733997,0.5190582846398267,0.3908172535617196,0.43724703491059336
0.10499824245531864,0.33164326190841664,0.39978569984808554,0.6399729065091828,0.3077936115672061,0.6087571169183983,0.39582630508664773,0.4952119867467421,0.38224272923153624,0.4396512624900717,0.539932155740116,0.47716874748650007,0.558836950279255,0.2643404782487936,0.6264274620358543,0.4659727118595192,0.2850847043740407,0.48860831493297807,0.48383983516309814,0.37572326327421995,0.36137446678949203,0.621651893531268,0.30847956554956313,0.5816511223784134,0.7391970091903817,0.3376076143580317,0.48120401106376004,0.5461448720402651,0.31949287564748374,0.3692779146676375,0.4940750037048154,0.4369195193761115,0.49015049607554767,0.7423843054678656,0.3510082186458454,0.7398929446645883,0.42028704356639046,0.642898848115758,0.363333215646099,0.2940730445637119,0.4914578049849227,0.4296517490947849,0.6634611134584667,0.38799296145954726,0.44352402017504355,0.3632108816961851,0.2653252299733997,0.5190582846398267,0.3908172535617196,0.43724703491059336
0.10499824245531864,0.33164326190841664,0.39978569984808554,0.6399729065091828,0.3077936115672061,0.6087571169183983,0.39582630508664773,0.4952119867467421,0.38224272923153624,0.4396512624900717,0.539932155740116,0.47716874748650007,0.558836950279255,0.2643404782487936,0.6264274620358543,0.4659727118595192,0.2850847043740407,0.48860831493297807,0.48383983516309814,0.37572326327421995,0.36137446678949203,0.621651893531268,0.30847956554956313,0.5816511223784134,0.7391970091903817,0.3376076143580317,0.48120401106376004,0.5461448720402651,0.31949287564748374,0.3692779146676375,0.4940750037048154,0.4369195193761115,0.49015049607554767,0.7423843054678656,0.3510082186458454,0.7398929446645883,0.42028704356639046,0.642898848115758,0.363333215646099,0.2940730445637119,0.4914578049849227,0.4296517490947849,0.6634611134584667,0.38799296145954726,0.44352402017504355,0.3632108816961851,0.2653252299733997,0.5190582846398267,0.3908172535617196,0.43724703491059336
0.10499824245531864,0.33164326190841664,0.39978569984808554,0.6399729065091828,0.3077936115672061,0.6087571169183983,0.39582630508664773,0.4952119867467421,0.38224272923153624,0.4396512624900717,0.539932155740116,0.47716874748650007,0.558836950279255,0.2643404782487936,0.6264274620358543,0.4659727118595192,0.2850847043740407,0.48860831493297807,0.48383983516309814,0.37572326327421995,0.36137446678949203,0.621651893531268,0.30847956554956313,0.5816511223784134,0.7391970091903817,0.3376076143580317,0.48120401106376004,0.5461448720402651,0.31949287564748374,0.3692779146676375,0.4940750037048154,0.4369195193761115,0.49015049607554767,0.7423843054678656,0.3510082186458454,0.7398929446645883,0.42028704356639046,0.642898848115758,0.363333215646099,0.2940730445637119,0.4914578049849227,0.4296517490947849,0.6634611134584667,0.38799296145954726,0.44352402017504355,0.3632108816961851,0.2653252299733997,0.5190582846398267,0.3908172535617196,0.43724703491059336
0.10499824245531864,0.33164326190841664,0.39978569984808554,0.6399729065091828,0.3077936115672061,0.6087571169183983,0.39582630508664773,0.4952119867467421,0.38224272923153624,0.4396512624900717,0.539932155740116,0.47716874748650007,0.558836950279255,0.2643404782487936,0.6264274620358543,0.4659727118595192,0.2850847043740407,0.48860831493297807,0.48383983516309814,0.37572326327421995,0.36137446678949203,0.621651893531268,0.30847956554956313,0.5816511223784134,0.7391970091903817,0.3376076143580317,0.48120401106376004,0.5461448720402651,0.31949287564748374,0.3692779146676375,0.4940750037048154,0.4369195193761115,0.49015049607554767,0.7423843054678656,0.3510082186458454,0.7398929446645883,0.42028704356639046,0.642898848115758,0.363333215646099,0.2940730445637119,0.4914578049849227,0.4296517490947849,0.6634611134584667,0.38799296145954726,0.44352402017504355,0.3632108816961851,0.2653252299733997,0.5190582846398267,0.3908172535617196,0.43724703491059336
0.10499824245531864,0.33164326190841664,0.39978569984808554,0.6399729065091828,0.3077936115672061,0.6087571169183983,0.39582630508664773,0.4952119867467421,0.38224272923153624,0.4396512624900717,0.539932155740116,0.47716874748650007,0.558836950279255,0.2643404782487936,0.6264274620358543,0.4659727118595192,0.2850847043740407,0.48860831493297807,0.48383983516309814,0.37572326327421995,0.36137446678949203,0.621651893531268,0.30847956554956313,0.5816511223784134,0.7391970091903817,0.3376076143580317,0.48120401106376004,0.5461448720402651,0.31949287564748374,0.3692779146676375,0.4940750037048154,0.4369195193761115,0.49015049607554767,0.7423843054678656,0.3510082186458454,0.7398929446645883,0.42028704356639046,0.642898848115758,0.363333215646099,0.2940730445637119,0.4914578049849227,0.4296517490947849,0.6634611134584667,0.38799296145954726,0.44352402017504355,0.3632108816961851,0.2653252299733997,0.5190582846398267,0.3908172535617196,0.43724703491059336
0.10499824245531864,0.33164326190841664,0.39978569984808554,0.6399729065091828,0.3077936115672061,0.6087571169183983,0.39582630508664773,0.4952119867467421,0.38224272923153624,0.4396512624900717,0.539932155740116,0.47716874748650007,0.558836950279255,0.2643404782487936,0.6264274620358543,0.4659727118595192,0.2850847043740407,0.48860831493297807,0.48383983516309814,0.37572326327421995,0.36137446678949203,0.621651893531268,0.30847956554956313,0.5816511223784134,0.7391970091903817,0.3376076143580317,0.48120401106376004,0.5461448720402651,0.31949287564748374,0.3692779146676375,0.4940750037048154,0.4369195193761115,0.49015049607554767,0.7423843054678656,0.3510082186458454,0.7398929446645883,0.42028704356639046,0.642898848115758,0.363333215646099,0.2940730445637119,0.4914578049849227,0.4296517490947849,0.6634611134584667,0.38799296145954726,0.44352402017504355,0.3632108816961851,0.2653252299733997,0.5190582846398267,0.3908172535617196,0.43724703491059336
0.10499824245531864,0.33164326190841664,0.39978569984808554,0.6399729065091828,0.3077936115672061,0.6087571169183983,0.39582630508664773,0.4952119867467421,0.38224272923153624,0.4396512624900717,0.539932155740116,0.47716874748650007,0.558836950279255,0.2643404782487936,0.6264274620358543,0.4659727118595192,0.2850847043740407,0.48860831493297807,0.48383983516309814,0.37572326327421995,0.36137446678949203,0.621651893531268,0.30847956554956313,0.5816511223784134,0.7391970091903817,0.3376076143580317,0.48120401106376004,0.5461448720402651,0.31949287564748374,0.3692779146676375,0.4940750037048154,0.4369195193761115,0.49015049607554767,0.7423843054678656,0.3510082186458454,0.7398929446645883,0.42028704356639046,0.642898848115758,0.363333215646099,0.2940730445637119,0.4914578049849227,0.4296517490947849,0.6634611134584667,0.38799296145954726,0.44352402017504355,0.3632108816961851,0.2653252299733997,0.5190582846398267,0.3908172535617196,0.43724703491059336
0.10499824245531864,0.33164326190841664,0.39978569984808554,0.6399729065091828,0.3077936115672061,0.6087571169183983,0.39582630508664773,0.4952119867467421,0.38224272923153624,0.4396512624900717,0.539932155740116,0.47716874748650007,0.558836950279255,0.2643404782487936,0.6264274620358543,0.4659727118595192,0.2850847043740407,0.48860831493297807,0.48383983516309814,0.37572326327421995,0.36137446678949203,0.621651893531268,0.30847956554956313,0.5816511223784134,0.7391970091903817,0.3376076143580317,0.48120401106376004,0.5461448720402651,0.31949287564748374,0.3692779146676375,0.4940750037048154,0.4369195193761115,0.49015049607554767,0.7423843054678656,0.3510082186458454,0.7398929446645883,0.42028704356639046,0.642898848115758,0.363333215646099,0.2940730445637119,0.4914578049849227,0.4296517490947849,0.6634611134584667,0.38799296145954726,0.44352402017504355,0.3632108816961851,0.2653252299733997,0.5190582846398267,0.3908172535617196,0.43724703491059336
0.10499824245531864,0.33164326190841664,0.39978569984808554,0.6399729065091828,0.3077936115672061,0.6087571169183983,0.39582630508664773,0.4952119867467421,0.38224272923153624,0.4396512624900717,0.539932155740116,0.47716874748650007,0.558836950279255,0.2643404782487936,0.6264274620358543,0.4659727118595192,0.2850847043740407,0.48860831493297807,0.48383983516309814,0.37572326327421995,0.36137446678949203,0.621651893531268,0.30847956554956313,0.5816511223784134,0.7391970091903817,0.3376076143580317,0.48120401106376004,0.5461448720402651,0.31949287564748374,0.3692779146676375,0.4940750037048154,0.4369195193761115,0.49015049607554767,0.7423843054678656,0.3510082186458454,0.7398929446645883,0.42028704356639046,0.642898848115758,0.363333215646099,0.2940730445637119,0.4914578049849227,0.4296517490947849,0.6634611134584667,0.38799296145954726,0.44352402017504355,0.3632108816961851,0.2653252299733997,0.5190582846398267,0.3908172535617196,0.43724703491059336
0.10499824245531864,0.33164326190841664,0.39978569984808554,0.6399729065091828,0.3077936115672061,0.6087571169183983,0.39582630508664773,0.4952119867467421,0.38224272923153624,0.4396512624900717,0.539932155740116,0.47716874748650007,0.558836950279255,0.2643404782487936,0.6264274620358543,0.4659727118595192,0.2850847043740407,0.48860831493297807,0.48383983516309814,0.37572326327421995,0.36137446678949203,0.621651893531268,0.30847956554956313,0.5816511223784134,0.7391970091903817,0.3376076143580317,0.48120401106376004,0.5461448720402651,0.31949287564748374,0.3692779146676375,0.4940750037048154,0.4369195193761115,0.49015049607554767,0.7423843054678656,0.3510082186458454,0.7398929446645883,0.42028704356639046,0.642898848115758,0.363333215646099,0.2940730445637119,0.4914578049849227,0.4296517490947849,0.6634611134584667,0.38799296145954726,0.44352402017504355,0.3632108816961851,0.2653252299733997,0.5190582846398267,0.3908172535617196,0.43724703491059336
0.10499824245531864,0.33164326190841664,0.39978569984808554,0.6399729065091828,0.3077936115672061,0.6087571169183983,0.39582630508664773,0.4952119867467421,0.38224272923153624,0.4396512624900717,0.539932155740116,0.47716874748650007,0.558836950279255,0.2643404782487936,0.6264274620358543,0.4659727118595192,0.2850847043740407,0.48860831493297807,0.48383983516309814,0.37572326327421995,0.36137446678949203,0.621651893531268,0.30847956554956313,0.5816511223784134,0.7391970091903817,0.3376076143580317,0.48120401106376004,0.5461448720402651,0.31949287564748374,0.3692779146676375,0.4940750037048154,0.4369195193761115,0.49015049607554767,0.7423843054678656,0.3510082186458454,0.7398929446645883,0.42028704356639046,0.642898848115758,0.363333215646099,0.2940730445637119,0.4914578049849227,0.4296517490947849,0.6634611134584667,0.38799296145954726,0.44352402017504355,0.3632108816961851,0.2653252299733997,0.5190582846398267,0.3908172535617196,0.43724703491059336
0.10499824245531864,0.33164326190841664,0.39978569984808554,0.6399729065091828,0.3077936115672061,0.6087571169183983,0.39582630508664773,0.4952119867467421,0.38224272923153624,0.4396512624900717,0.539932155740116,0.47716874748650007,0.558836950279255,0.2643404782487936,0.6264274620358543,0.4659727118595192,0.2850847043740407,0.48860831493297807,0.48383983516309814,0.37572326327421995,0.36137446678949203,0.621651893531268,0.30847956554956313,0.5816511223784134,0.7391970091903817,0.3376076143580317,0.48120401106376004,0.5461448720402651,0.31949287564748374,0.3692779146676375,0.4940750037048154,0.4369195193761115,0.49015049607554767,0.7423843054678656,0.3510082186458454,0.7398929446645883,0.42028704356639046,0.642898848115758,0.363333215646099,0.2940730445637119,0.4914578049849227,0.4296517490947849,0.6634611134584667,0.38799296145954726,0.44352402017504355,0.3632108816961851,0.2653252299733997,0.5190582846398267,0.3908172535617196,0.43724703491059336
0.10499824245531864,0.33164326190841664,0.39978569984808554,0.6399729065091828,0.3077936115672061,0.6087571169183983,0.39582630508664773,0.4952119867467421,0.38224272923153624,0.4396512624900717,0.539932155740116,0.47716874748650007,0.558836950279255,0.2643404782487936,0.6264274620358543,0.4659727118595192,0.2850847043740407,0.48860831493297807,0.48383983516309814,0.37572326327421995,0.36137446678949203,0.621651893531268,0.30847956554956313,0.5816511223784134,0.7391970091903817,0.3376076143580317,0.48120401106376004,0.5461448720402651,0.31949287564748374,0.3692779146676375,0.4940750037048154,0.4369195193761115,0.49015049607554767,0.7423843054678656,0.3510082186458454,0.7398929446645883,0.42028704356639046,0.642898848115758,0.363333215646099,0.2940730445637119,0.4914578049849227,0.4296517490947849,0.6634611134584667,0.38799296145954726,0.44352402017504355,0.3632108816961851,0.2653252299733997,0.5190582846398267,0.3908172535617196,0.43724703491059336
0.10499824245531864,0.33164326190841664,0.39978569984808554,0.6399729065091828,0.3077936115672061,0.6087571169183983,0.39582630508664773,0.4952119867467421,0.38224272923153624,0.4396512624900717,0.539932155740116,0.47716874748650007,0.558836950279255,0.2643404782487936,0.6264274620358543,0.4659727118595192,0.2850847043740407,0.48860831493297807,0.48383983516309814,0.37572326327421995,0.36137446678949203,0.621651893531268,0.30847956554956313,0.5816511223784134,0.7391970091903817,0.3376076143580317,0.48120401106376004,0.5461448720402651,0.31949287564748374,0.3692779146676375,0.4940750037048154,0.4369195193761115,0.49015049607554767,0.7423843054678656,0.3510082186458454,0.7398929446645883,0.42028704356639046,0.642898848115758,0.363333215646099,0.2940730445637119,0.4914578049849227,0.4296517490947849,0.6634611134584667,0.38799296145954726,0.44352402017504355,0.3632108816961851,0.2653252299733997,0.5190582846398267,0.3908172535617196,0.43724703491059336
0.10499824245531864,0.33164326190841664,0.39978569984808554,0.6399729065091828,0.3077936115672061,0.6087571169183983,0.39582630508664773,0.4952119867467421,0.38224272923153624,0.4396512624900717,0.539932155740116,0.47716874748650007,0.558836950279255,0.2643404782487936,0.6264274620358543,0.4659727118595192,0.2850847043740407,0.48860831493297807,0.48383983516309814,0.37572326327421995,0.36137446678949203,0.621651893531268,0.30847956554956313,0.5816511223784134,0.7391970091903817,0.3376076143580317,0.48120401106376004,0.5461448720402651,0.31949287564748374,0.3692779146676375,0.4940750037048154,0.4369195193761115,0.49015049607554767,0.7423843054678656,0.3510082186458454,0.7398929446645883,0.42028704356639046,0.642898848115758,0.363333215646099,0.2940730445637119,0.4914578049849227,0.4296517490947849,0.6634611134584667,0.38799296145954726,0.44352402017504355,0.3632108816961851,0.2653252299733997,0.5190582846398267,0.3908172535617196,0.43724703491059336
0.10499824245531864,0.33164326190841664,0.39978569984808554,0.6399729065091828,0.3077936115672061,0.6087571169183983,0.39582630508664773,0.4952119867467421,0.38224272923153624,0.4396512624900717,0.539932155740116,0.47716874748650007,0.558836950279255,0.2643404782487936,0.6264274620358543,0.4659727118595192,0.2850847043740407,0.48860831493297807,0.48383983516309814,0.37572326327421995,0.36137446678949203,0.621651893531268,0.30847956554956313,0.5816511223784134,0.7391970091903817,0.3376076143580317,0.48120401106376004,0.5461448720402651,0.31949287564748374,0.3692779146676375,0.4940750037048154,0.4369195193761115,0.49015049607554767,0.7423843054678656,0.3510082186458454,0.7398929446645883,0.42028704356639046,0.642898848115758,0.363333215646099,0.2940730445637119,0.4914578049849227,0.4296517490947849,0.6634611134584667,0.38799296145954726,0.44352402017504355,0.3632108816961851,0.2653252299733997,0.5190582846398267,0.3908172535617196,0.43724703491059336
0.10499824245531864,0.33164326190841664,0.39978569984808554,0.6399729065091828,0.3077936115672061,0.6087571169183983,0.39582630508664773,0.4952119867467421,0.38224272923153624,0.4396512624900717,0.539932155740116,0.47716874748650007,0.558836950279255,0.2643404782487936,0.6264274620358543,0.4659727118595192,0.2850847043740407,0.48860831493297807,0.48383983516309814,0.37572326327421995,0.36137446678949203,0.621651893531268,0.30847956554956313,0.5816511223784134,0.7391970091903817,0.3376076143580317,0.48120401106376004,0.5461448720402651,0.31949287564748374,0.3692779146676375,0.4940750037048154,0.4369195193761115,0.49015049607554767,0.7423843054678656,0.3510082186458454,0.7398929446645883,0.42028704356639046,0.642898848115758,0.363333215646099,0.2940730445637119,0.4914578049849227,0.4296517490947849,0.6634611134584667,0.38799296145954726,0.44352402017504355,0.3632108816961851,0.2653252299733997,0.5190582846398267,0.3908172535617196,0.43724703491059336
0.10499824245531864,0.33164326190841664,0.39978569984808554,0.6399729065091828,0.3077936115672061,0.6087571169183983,0.39582630508664773,0.4952119867467421,0.38224272923153624,0.4396512624900717,0.539932155740116,0.47716874748650007,0.558836950279255,0.2643404782487936,0.6264274620358543,0.4659727118595192,0.2850847043740407,0.48860831493297807,0.48383983516309814,0.37572326327421995,0.36137446678949203,0.621651893531268,0.30847956554956313,0.5816511223784134,0.7391970091903817,0.3376076143580317,0.48120401106376004,0.5461448720402651,0.31949287564748374,0.3692779146676375,0.4940750037048154,0.4369195193761115,0.49015049607554767,0.7423843054678656,0.3510082186458454,0.7398929446645883,0.42028704356639046,0.642898848115758,0.363333215646099,0.2940730445637119,0.4914578049849227,0.4296517490947849,0.6634611134584667,0.38799296145954726,0.44352402017504355,0.3632108816961851,0.2653252299733997,0.5190582846398267,0.3908172535617196,0.43724703491059336
0.10499824245531864,0.33164326190841664,0.39978569984808554,0.6399729065091828,0.3077936115672061,0.6087571169183983,0.39582630508664773,0.4952119867467421,0.38224272923153624,0.4396512624900717,0.539932155740116,0.47716874748650007,0.558836950279255,0.2643404782487936,0.6264274620358543,0.4659727118595192,0.2850847043740407,0.48860831493297807,0.48383983516309814,0.37572326327421995,0.36137446678949203,0.621651893531268,0.30847956554956313,0.5816511223784134,0.7391970091903817,0.3376076143580317,0.48120401106376004,0.5461448720402651,0.31949287564748374,0.3692779146676375,0.4940750037048154,0.4369195193761115,0.49015049607554767,0.7423843054678656,0.3510082186458454,0.7398929446645883,0.42028704356639046,0.642898848115758,0.363333215646099,0.2940730445637119,0.4914578049849227,0.4296517490947849,0.6634611134584667,0.38799296145954726,0.44352402017504355,0.3632108816961851,0.2653252299733997,0.5190582846398267,0.3908172535617196,0.43724703491059336
0.10499824245531864,0.33164326190841664,0.39978569984808554,0.6399729065091828,0.3077936115672061,0.6087571169183983,0.39582630508664773,0.4952119867467421,0.38224272923153624,0.4396512624900717,0.539932155740116,0.47716874748650007,0.558836950279255,0.2643404782487936,0.6264274620358543,0.4659727118595192,0.2850847043740407,0.48860831493297807,0.48383983516309814,0.37572326327421995,0.36137446678949203,0.621651893531268,0.30847956554956313,0.5816511223784134,0.7391970091903817,0.3376076143580317,0.48120401106376004,0.5461448720402651,0.31949287564748374,0.3692779146676375,0.4940750037048154,0.4369195193761115,0.49015049607554767,0.7423843054678656,0.3510082186458454,0.7398929446645883,0.42028704356639046,0.642898848115758,0.363333215646099,0.2940730445637119,0.4914578049849227,0.4296517490947849,0.6634611134584667,0.38799296145954726,0.44352402017504355,0.3632108816961851,0.2653252299733997,0.5190582846398267,0.3908172535617196,0.43724703491059336
0.10499824245531864,0.33164326190841664,0.39978569984808554,0.6399729065091828,0.3077936115672061,0.6087571169183983,0.39582630508664773,0.4952119867467421,0.38224272923153624,0.4396512624900717,0.539932155740116,0.47716874748650007,0.558836950279255,0.2643404782487936,0.6264274620358543,0.4659727118595192,0.2850847043740407,0.48860831493297807,0.48383983516309814,0.37572326327421995,0.36137446678949203,0.621651893531268,0.30847956554956313,0.5816511223784134,0.7391970091903817,0.3376076143580317,0.48120401106376004,0.5461448720402651,0.31949287564748374,0.3692779146676375,0.4940750037048154,0.4369195193761115,0.49015049607554767,0.7423843054678656,0.3510082186458454,0.7398929446645883,0.42028704356639046,0.642898848115758,0.363333215646099,0.2940730445637119,0.4914578049849227,0.4296517490947849,0.6634611134584667,0.38799296145954726,0.44352402017504355,0.3632108816961851,0.2653252299733997,0.5190582846398267,0.3908172535617196,0.43724703491059336
0.10499824245531864,0.33164326190841664,0.39978569984808554,0.6399729065091828,0.3077936115672061,0.6087571169183983,0.39582630508664773,0.4952119867467421,0.38224272923153624,0.4396512624900717,0.539932155740116,0.47716874748650007,0.558836950279255,0.2643404782487936,0.6264274620358543,0.4659727118595192,0.2850847043740407,0.48860831493297807,0.48383983516309814,0.37572326327421995,0.36137446678949203,0.621651893531268,0.30847956554956313,0.5816511223784134,0.7391970091903817,0.3376076143580317,0.48120401106376004,0.5461448720402651,0.31949287564748374,0.3692779146676375,0.4940750037048154,0.4369195193761115,0.49015049607554767,0.7423843054678656,0.3510082186458454,0.7398929446645883,0.42028704356639046,0.642898848115758,0.363333215646099,0.2940730445637119,0.4914578049849227,0.4296517490947849,0.6634611134584667,0.38799296145954726,0.44352402017504355,0.3632108816961851,0.2653252299733997,0.5190582846398267,0.3908172535617196,0.43724703491059336
0.10499824245531864,0.33164326190841664,0.39978569984808554,0.6399729065091828,0.3077936115672061,0.6087571169183983,0.39582630508664773,0.4952119867467421,0.38224272923153624,0.4396512624900717,0.539932155740116,0.47716874748650007,0.558836950279255,0.2643404782487936,0.6264274620358543,0.4659727118595192,0.2850847043740407,0.48860831493297807,0.48383983516309814,0.37572326327421995,0.36137446678949203,0.621651893531268,0.30847956554956313,0.5816511223784134,0.7391970091903817,0.3376076143580317,0.48120401106376004,0.5461448720402651,0.31949287564748374,0.3692779146676375,0.4940750037048154,0.4369195193761115,0.49015049607554767,0.7423843054678656,0.3510082186458454,0.7398929446645883,0.42028704356639046,0.642898848115758,0.363333215646099,0.2940730445637119,0.4914578049849227,0.4296517490947849,0.6634611134584667,0.38799296145954726,0.44352402017504355,0.3632108816961851,0.2653252299733997,0.5190582846398267,0.3908172535617196,0.43724703491059336
0.10499824245531864,0.33164326190841664,0.39978569984808554,0.6399729065091828,0.3077936115672061,0.6087571169183983,0.39582630508664773,0.4952119867467421,0.38224272923153624,0.4396512624900717,0.539932155740116,0.47716874748650007,0.558836950279255,0.2643404782487936,0.6264274620358543,0.4659727118595192,0.2850847043740407,0.48860831493297807,0.48383983516309814,0.37572326327421995,0.36137446678949203,0.621651893531268,0.30847956554956313,0.5816511223784134,0.7391970091903817,0.3376076143580317,0.48120401106376004,0.5461448720402651,0.31949287564748374,0.3692779146676375,0.4940750037048154,0.4369195193761115,0.49015049607554767,0.7423843054678656,0.3510082186458454,0.7398929446645883,0.42028704356639046,0.642898848115758,0.363333215646099,0.2940730445637119,0.4914578049849227,0.4296517490947849,0.6634611134584667,0.38799296145954726,0.44352402017504355,0.3632108816961851,0.2653252299733997,0.5190582846398267,0.3908172535617196,0.43724703491059336
0.10499824245531864,0.33164326190841664,0.39978569984808554,0.6399729065091828,0.3077936115672061,0.6087571169183983,0.39582630508664773,0.4952119867467421,0.38224272923153624,0.4396512624900717,0.539932155740116,0.47716874748650007,0.558836950279255,0.2643404782487936,0.6264274620358543,0.4659727118595192,0.2850847043740407,0.48860831493297807,0.48383983516309814,0.37572326327421995,0.36137446678949203,0.621651893531268,0.30847956554956313,0.5816511223784134,0.7391970091903817,0.3376076143580317,0.48120401106376004,0.5461448720402651,0.31949287564748374,0.3692779146676375,0.4940750037048154,0.4369195193761115,0.49015049607554767,0.7423843054678656,0.3510082186458454,0.7398929446645883,0.42028704356639046,0.642898848115758,0.363333215646099,0.2940730445637119,0.4914578049849227,0.4296517490947849,0.6634611134584667,0.38799296145954726,0.44352402017504355,0.3632108816961851,0.2653252299733997,0.5190582846398267,0.3908172535617196,0.43724703491059336
0.10499824245531864,0.33164326190841664,0.39978569984808554,0.6399729065091828,0.3077936115672061,0.6087571169183983,0.39582630508664773,0.4952119867467421,0.38224272923153624,0.4396512624900717,0.539932155740116,0.47716874748650007,0.558836950279255,0.2643404782487936,0.6264274620358543,0.4659727118595192,0.2850847043740407,0.48860831493297807,0.48383983516309814,0.37572326327421995,0.36137446678949203,0.621651893531268,0.30847956554956313,0.5816511223784134,0.7391970091903817,0.3376076143580317,0.48120401106376004,0.5461448720402651,0.31949287564748374,0.3692779146676375,0.4940750037048154,0.4369195193761115,0.49015049607554767,0.7423843054678656,0.3510082186458454,0.7398929446645883,0.42028704356639046,0.642898848115758,0.363333215646099,0.2940730445637119,0.4914578049849227,0.4296517490947849,0.6634611134584667,0.38799296145954726,0.44352402017504355,0.3632108816961851,0.2653252299733997,0.5190582846398267,0.3908172535617196,0.43724703491059336
0.10499824245531864,0.33164326190841664,0.39978569984808554,0.6399729065091828,0.3077936115672061,0.6087571169183983,0.39582630508664773,0.4952119867467421,0.38224272923153624,0.4396512624900717,0.539932155740116,0.47716874748650007,0.558836950279255,0.2643404782487936,0.6264274620358543,0.4659727118595192,0.2850847043740407,0.48860831493297807,0.48383983516309814,0.37572326327421995,0.36137446678949203,0.621651893531268,0.30847956554956313,0.5816511223784134,0.7391970091903817,0.3376076143580317,0.48120401106376004,0.5461448720402651,0.31949287564748374,0.3692779146676375,0.4940750037048154,0.4369195193761115,0.49015049607554767,0.7423843054678656,0.3510082186458454,0.7398929446645883,0.42028704356639046,0.642898848115758,0.363333215646099,0.2940730445637119,0.4914578049849227,0.4296517490947849,0.6634611134584667,0.38799296145954726,0.44352402017504355,0.3632108816961851,0.2653252299733997,0.5190582846398267,0.3908172535617196,0.43724703491059336
0.10499824245531864,0.33164326190841664,0.39978569984808554,0.6399729065091828,0.3077936115672061,0.6087571169183983,0.39582630508664773,0.4952119867467421,0.38224272923153624,0.4396512624900717,0.539932155740116,0.47716874748650007,0.558836950279255,0.2643404782487936,0.6264274620358543,0.4659727118595192,0.2850847043740407,0.48860831493297807,0.48383983516309814,0.37572326327421995,0.36137446678949203,0.621651893531268,0.30847956554956313,0.5816511223784134,0.7391970091903817,0.3376076143580317,0.48120401106376004,0.5461448720402651,0.31949287564748374,0.3692779146676375,0.4940750037048154,0.4369195193761115,0.49015049607554767,0.7423843054678656,0.3510082186458454,0.7398929446645883,0.42028704356639046,0.642898848115758,0.363333215646099,0.2940730445637119,0.4914578049849227,0.4296517490947849,0.6634611134584667,0.38799296145954726,0.44352402017504355,0.3632108816961851,0.2653252299733997,0.5190582846398267,0.3908172535617196,0.43724703491059336
0.10499824245531864,0.33164326190841664,0.39978569984808554,0.6399729065091828,0.3077936115672061,0.6087571169183983,0.39582630508664773,0.4952119867467421,0.38224272923153624,0.4396512624900717,0.539932155740116,0.47716874748650007,0.558836950279255,0.2643404782487936,0.6264274620358543,0.4659727118595192,0.2850847043740407,0.48860831493297807,0.48383983516309814,0.37572326327421995,0.36137446678949203,0.621651893531268,0.30847956554956313,0.5816511223784134,0.7391970091903817,0.3376076143580317,0.48120401106376004,0.5461448720402651,0.31949287564748374,0.3692779146676375,0.4940750037048154,0.4369195193761115,0.49015049607554767,0.7423843054678656,0.3510082186458454,0.7398929446645883,0.42028704356639046,0.642898848115758,0.363333215646099,0.2940730445637119,0.4914578049849227,0.4296517490947849,0.6634611134584667,0.38799296145954726,0.44352402017504355,0.3632108816961851,0.2653252299733997,0.5190582846398267,0.3908172535617196,0.43724703491059336
0.10499824245531864,0.33164326190841664,0.39978569984808554,0.6399729065091828,0.3077936115672061,0.6087571169183983,0.39582630508664773,0.4952119867467421,0.38224272923153624,0.4396512624900717,0.539932155740116,0.47716874748650007,0.558836950279255,0.2643404782487936,0.6264274620358543,0.4659727118595192,0.2850847043740407,0.48860831493297807,0.48383983516309814,0.37572326327421995,0.36137446678949203,0.621651893531268,0.30847956554956313,0.5816511223784134,0.7391970091903817,0.3376076143580317,0.48120401106376004,0.5461448720402651,0.31949287564748374,0.3692779146676375,0.4940750037048154,0.4369195193761115,0.49015049607554767,0.7423843054678656,0.3510082186458454,0.7398929446645883,0.42028704356639046,0.642898848115758,0.363333215646099,0.2940730445637119,0.4914578049849227,0.4296517490947849,0.6634611134584667,0.38799296145954726,0.44352402017504355,0.3632108816961851,0.2653252299733997,0.5190582846398267,0.3908172535617196,0.43724703491059336
0.10499824245531864,0.33164326190841664,0.39978569984808554,0.6399729065091828,0.3077936115672061,0.6087571169183983,0.39582630508664773,0.4952119867467421,0.38224272923153624,0.4396512624900717,0.539932155740116,0.47716874748650007,0.558836950279255,0.2643404782487936,0.6264274620358543,0.4659727118595192,0.2850847043740407,0.48860831493297807,0.48383983516309814,0.37572326327421995,0.36137446678949203,0.621651893531268,0.30847956554956313,0.5816511223784134,0.7391970091903817,0.3376076143580317,0.48120401106376004,0.5461448720402651,0.31949287564748374,0.3692779146676375,0.4940750037048154,0.4369195193761115,0.49015049607554767,0.7423843054678656,0.3510082186458454,0.7398929446645883,0.42028704356639046,0.642898848115758,0.363333215646099,0.2940730445637119,0.4914578049849227,0.4296517490947849,0.6634611134584667,0.38799296145954726,0.44352402017504355,0.3632108816961851,0.2653252299733997,0.5190582846398267,0.3908172535617196,0.43724703491059336
0.10499824245531864,0.33164326190841664,0.39978569984808554,0.6399729065091828,0.3077936115672061,0.6087571169183983,0.39582630508664773,0.4952119867467421,0.38224272923153624,0.4396512624900717,0.539932155740116,0.47716874748650007,0.558836950279255,0.2643404782487936,0.6264274620358543,0.4659727118595192,0.2850847043740407,0.48860831493297807,0.48383983516309814,0.37572326327421995,0.36137446678949203,0.621651893531268,0.30847956554956313,0.5816511223784134,0.7391970091903817,0.3376076143580317,0.48120401106376004,0.5461448720402651,0.31949287564748374,0.3692779146676375,0.4940750037048154,0.4369195193761115,0.49015049607554767,0.7423843054678656,0.3510082186458454,0.7398929446645883,0.42028704356639046,0.642898848115758,0.363333215646099,0.2940730445637119,0.4914578049849227,0.4296517490947849,0.6634611134584667,0.38799296145954726,0.44352402017504355,0.3632108816961851,0.2653252299733997,0.5190582846398267,0.3908172535617196,0.43724703491059336
0.10499824245531864,0.33164326190841664,0.39978569984808554,0.6399729065091828,0.3077936115672061,0.6087571169183983,0.39582630508664773,0.4952119867467421,0.38224272923153624,0.4396512624900717,0.539932155740116,0.47716874748650007,0.558836950279255,0.2643404782487936,0.6264274620358543,0.4659727118595192,0.2850847043740407,0.48860831493297807,0.48383983516309814,0.37572326327421995,0.36137446678949203,0.621651893531268,0.30847956554956313,0.5816511223784134,0.7391970091903817,0.3376076143580317,0.48120401106376004,0.5461448720402651,0.31949287564748374,0.3692779146676375,0.4940750037048154,0.4369195193761115,0.49015049607554767,0.7423843054678656,0.3510082186458454,0.7398929446645883,0.42028704356639046,0.642898848115758,0.363333215646099,0.2940730445637119,0.4914578049849227,0.4296517490947849,0.6634611134584667,0.38799296145954726,0.44352402017504355,0.3632108816961851,0.2653252299733997,0.5190582846398267,0.3908172535617196,0.43724703491059336
0.10499824245531864,0.33164326190841664,0.39978569984808554,0.6399729065091828,0.3077936115672061,0.6087571169183983,0.39582630508664773,0.4952119867467421,0.38224272923153624,0.4396512624900717,0.539932155740116,0.47716874748650007,0.558836950279255,0.2643404782487936,0.6264274620358543,0.4659727118595192,0.2850847043740407,0.48860831493297807,0.48383983516309814,0.37572326327421995,0.36137446678949203,0.621651893531268,0.30847956554956313,0.5816511223784134,0.7391970091903817,0.3376076143580317,0.48120401106376004,0.5461448720402651,0.31949287564748374,0.3692779146676375,0.4940750037048154,0.4369195193761115,0.49015049607554767,0.7423843054678656,0.3510082186458454,0.7398929446645883,0.42028704356639046,0.642898848115758,0.363333215646099,0.2940730445637119,0.4914578049849227,0.4296517490947849,0.6634611134584667,0.38799296145954726,0.44352402017504355,0.3632108816961851,0.2653252299733997,0.5190582846398267,0.3908172535617196,0.43724703491059336
0.10499824245531864,0.33164326190841664,0.39978569984808554,0.6399729065091828,0.3077936115672061,0.6087571169183983,0.39582630508664773,0.4952119867467421,0.38224272923153624,0.4396512624900717,0.539932155740116,0.47716874748650007,0.558836950279255,0.2643404782487936,0.6264274620358543,0.4659727118595192,0.2850847043740407,0.48860831493297807,0.48383983516309814,0.37572326327421995,0.36137446678949203,0.621651893531268,0.30847956554956313,0.5816511223784134,0.7391970091903817,0.3376076143580317,0.48120401106376004,0.5461448720402651,0.31949287564748374,0.3692779146676375,0.4940750037048154,0.4369195193761115,0.49015049607554767,0.7423843054678656,0.3510082186458454,0.7398929446645883,0.42028704356639046,0.642898848115758,0.363333215646099,0.2940730445637119,0.4914578049849227,0.4296517490947849,0.6634611134584667,0.38799296145954726,0.44352402017504355,0.3632108816961851,0.2653252299733997,0.5190582846398267,0.3908172535617196,0.43724703491059336
0.10499824245531864,0.33164326190841664,0.39978569984808554,0.6399729065091828,0.3077936115672061,0.6087571169183983,0.39582630508664773,0.4952119867467421,0.38224272923153624,0.4396512624900717,0.539932155740116,0.47716874748650007,0.558836950279255,0.2643404782487936,0.6264274620358543,0.4659727118595192,0.2850847043740407,0.48860831493297807,0.48383983516309814,0.37572326327421995,0.36137446678949203,0.621651893531268,0.30847956554956313,0.5816511223784134,0.7391970091903817,0.3376076143580317,0.48120401106376004,0.5461448720402651,0.31949287564748374,0.3692779146676375,0.4940750037048154,0.4369195193761115,0.49015049607554767,0.7423843054678656,0.3510082186458454,0.7398929446645883,0.42028704356639046,0.642898848115758,0.363333215646099,0.2940730445637119,0.4914578049849227,0.4296517490947849,0.6634611134584667,0.38799296145954726,0.44352402017504355,0.3632108816961851,0.2653252299733997,0.5190582846398267,0.3908172535617196,0.43724703491059336
0.10499824245531864,0.33164326190841664,0.39978569984808554,0.6399729065091828,0.3077936115672061,0.6087571169183983,0.39582630508664773,0.4952119867467421,0.38224272923153624,0.4396512624900717,0.539932155740116,0.47716874748650007,0.558836950279255,0.2643404782487936,0.6264274620358543,0.4659727118595192,0.2850847043740407,0.48860831493297807,0.48383983516309814,0.37572326327421995,0.36137446678949203,0.621651893531268,0.30847956554956313,0.5816511223784134,0.7391970091903817,0.3376076143580317,0.48120401106376004,0.5461448720402651,0.31949287564748374,0.3692779146676375,0.4940750037048154,0.4369195193761115,0.49015049607554767,0.7423843054678656,0.3510082186458454,0.7398929446645883,0.42028704356639046,0.642898848115758,0.363333215646099,0.2940730445637119,0.4914578049849227,0.4296517490947849,0.6634611134584667,0.38799296145954726,0.44352402017504355,0.3632108816961851,0.2653252299733997,0.5190582846398267,0.3908172535617196,0.43724703491059336
0.10499824245531864,0.33164326190841664,0.39978569984808554,0.6399729065091828,0.3077936115672061,0.6087571169183983,0.39582630508664773,0.4952119867467421,0.38224272923153624,0.4396512624900717,0.539932155740116,0.47716874748650007,0.558836950279255,0.2643404782487936,0.6264274620358543,0.4659727118595192,0.2850847043740407,0.48860831493297807,0.48383983516309814,0.37572326327421995,0.36137446678949203,0.621651893531268,0.30847956554956313,0.5816511223784134,0.7391970091903817,0.3376076143580317,0.48120401106376004,0.5461448720402651,0.31949287564748374,0.3692779146676375,0.4940750037048154,0.4369195193761115,0.49015049607554767,0.7423843054678656,0.3510082186458454,0.7398929446645883,0.42028704356639046,0.642898848115758,0.363333215646099,0.2940730445637119,0.4914578049849227,0.4296517490947849,0.6634611134584667,0.38799296145954726,0.44352402017504355,0.3632108816961851,0.2653252299733997,0.5190582846398267,0.3908172535617196,0.43724703491059336
0.10499824245531864,0.33164326190841664,0.39978569984808554,0.6399729065091828,0.3077936115672061,0.6087571169183983,0.39582630508664773,0.4952119867467421,0.38224272923153624,0.4396512624900717,0.539932155740116,0.47716874748650007,0.558836950279255,0.2643404782487936,0.6264274620358543,0.4659727118595192,0.2850847043740407,0.48860831493297807,0.48383983516309814,0.37572326327421995,0.36137446678949203,0.621651893531268,0.30847956554956313,0.5816511223784134,0.7391970091903817,0.3376076143580317,0.48120401106376004,0.5461448720402651,0.31949287564748374,0.3692779146676375,0.4940750037048154,0.4369195193761115,0.49015049607554767,0.7423843054678656,0.3510082186458454,0.7398929446645883,0.42028704356639046,0.642898848115758,0.363333215646099,0.2940730445637119,0.4914578049849227,0.4296517490947849,0.6634611134584667,0.38799296145954726,0.44352402017504355,0.3632108816961851,0.2653252299733997,0.5190582846398267,0.3908172535617196,0.43724703491059336
0.10499824245531864,0.33164326190841664,0.39978569984808554,0.6399729065091828,0.3077936115672061,0.6087571169183983,0.39582630508664773,0.4952119867467421,0.38224272923153624,0.4396512624900717,0.539932155740116,0.47716874748650007,0.558836950279255,0.2643404782487936,0.6264274620358543,0.4659727118595192,0.2850847043740407,0.48860831493297807,0.48383983516309814,0.37572326327421995,0.36137446678949203,0.621651893531268,0.30847956554956313,0.5816511223784134,0.7391970091903817,0.3376076143580317,0.48120401106376004,0.5461448720402651,0.31949287564748374,0.3692779146676375,0.4940750037048154,0.4369195193761115,0.49015049607554767,0.7423843054678656,0.3510082186458454,0.7398929446645883,0.42028704356639046,0.642898848115758,0.363333215646099,0.2940730445637119,0.4914578049849227,0.4296517490947849,0.6634611134584667,0.38799296145954726,0.44352402017504355,0.3632108816961851,0.2653252299733997,0.5190582846398267,0.3908172535617196,0.43724703491059336
0.10499824245531864,0.33164326190841664,0.39978569984808554,0.6399729065091828,0.3077936115672061,0.6087571169183983,0.39582630508664773,0.4952119867467421,0.38224272923153624,0.4396512624900717,0.539932155740116,0.47716874748650007,0.558836950279255,0.2643404782487936,0.6264274620358543,0.4659727118595192,0.2850847043740407,0.48860831493297807,0.48383983516309814,0.37572326327421995,0.36137446678949203,0.621651893531268,0.30847956554956313,0.5816511223784134,0.7391970091903817,0.3376076143580317,0.48120401106376004,0.5461448720402651,0.31949287564748374,0.3692779146676375,0.4940750037048154,0.4369195193761115,0.49015049607554767,0.7423843054678656,0.3510082186458454,0.7398929446645883,0.42028704356639046,0.642898848115758,0.363333215646099,0.2940730445637119,0.4914578049849227,0.4296517490947849,0.6634611134584667,0.38799296145954726,0.44352402017504355,0.3632108816961851,0.2653252299733997,0.5190582846398267,0.3908172535617196,0.43724703491059336
0.10499824245531864,0.33164326190841664,0.39978569984808554,0.6399729065091828,0.3077936115672061,0.6087571169183983,0.39582630508664773,0.4952119867467421,0.38224272923153624,0.4396512624900717,0.539932155740116,0.47716874748650007,0.558836950279255,0.2643404782487936,0.6264274620358543,0.4659727118595192,0.2850847043740407,0.48860831493297807,0.48383983516309814,0.37572326327421995,0.36137446678949203,0.621651893531268,0.30847956554956313,0.5816511223784134,0.7391970091903817,0.3376076143580317,0.48120401106376004,0.5461448720402651,0.31949287564748374,0.3692779146676375,0.4940750037048154,0.4369195193761115,0.49015049607554767,0.7423843054678656,0.3510082186458454,0.7398929446645883,0.42028704356639046,0.642898848115758,0.363333215646099,0.2940730445637119,0.4914578049849227,0.4296517490947849,0.6634611134584667,0.38799296145954726,0.44352402017504355,0.3632108816961851,0.2653252299733997,0.5190582846398267,0.3908172535617196,0.43724703491059336
0.10499824245531864,0.33164326190841664,0.39978569984808554,0.6399729065091828,0.3077936115672061,0.6087571169183983,0.39582630508664773,0.4952119867467421,0.38224272923153624,0.4396512624900717,0.539932155740116,0.47716874748650007,0.558836950279255,0.2643404782487936,0.6264274620358543,0.4659727118595192,0.2850847043740407,0.48860831493297807,0.48383983516309814,0.37572326327421995,0.36137446678949203,0.621651893531268,0.30847956554956313,0.5816511223784134,0.7391970091903817,0.3376076143580317,0.48120401106376004,0.5461448720402651,0.31949287564748374,0.3692779146676375,0.4940750037048154,0.4369195193761115,0.49015049607554767,0.7423843054678656,0.3510082186458454,0.7398929446645883,0.42028704356639046,0.642898848115758,0.363333215646099,0.2940730445637119,0.4914578049849227,0.4296517490947849,0.6634611134584667,0.38799296145954726,0.44352402017504355,0.3632108816961851,0.2653252299733997,0.5190582846398267,0.3908172535617196,0.43724703491059336
0.10499824245531864,0.33164326190841664,0.39978569984808554,0.6399729065091828,0.3077936115672061,0.6087571169183983,0.39582630508664773,0.4952119867467421,0.38224272923153624,0.4396512624900717,0.539932155740116,0.47716874748650007,0.558836950279255,0.2643404782487936,0.6264274620358543,0.4659727118595192,0.2850847043740407,0.48860831493297807,0.48383983516309814,0.37572326327421995,0.36137446678949203,0.621651893531268,0.30847956554956313,0.5816511223784134,0.7391970091903817,0.3376076143580317,0.48120401106376004,0.5461448720402651,0.31949287564748374,0.3692779146676375,0.4940750037048154,0.4369195193761115,0.49015049607554767,0.7423843054678656,0.3510082186458454,0.7398929446645883,0.42028704356639046,0.642898848115758,0.363333215646099,0.2940730445637119,0.4914578049849227,0.4296517490947849,0.6634611134584667,0.38799296145954726,0.44352402017504355,0.3632108816961851,0.2653252299733997,0.5190582846398267,0.3908172535617196,0.43724703491059336
0.10499824245531864,0.33164326190841664,0.39978569984808554,0.6399729065091828,0.3077936115672061,0.6087571169183983,0.39582630508664773,0.4952119867467421,0.38224272923153624,0.4396512624900717,0.539932155740116,0.47716874748650007,0.558836950279255,0.2643404782487936,0.6264274620358543,0.4659727118595192,0.2850847043740407,0.48860831493297807,0.48383983516309814,0.37572326327421995,0.36137446678949203,0.621651893531268,0.30847956554956313,0.5816511223784134,0.7391970091903817,0.3376076143580317,0.48120401106376004,0.5461448720402651,0.31949287564748374,0.3692779146676375,0.4940750037048154,0.4369195193761115,0.49015049607554767,0.7423843054678656,0.3510082186458454,0.7398929446645883,0.42028704356639046,0.642898848115758,0.363333215646099,0.2940730445637119,0.4914578049849227,0.4296517490947849,0.6634611134584667,0.38799296145954726,0.44352402017504355,0.3632108816961851,0.2653252299733997,0.5190582846398267,0.3908172535617196,0.43724703491059336
0.10499824245531864,0.33164326190841664,0.39978569984808554,0.6399729065091828,0.3077936115672061,0.6087571169183983,0.39582630508664773,0.4952119867467421,0.38224272923153624,0.4396512624900717,0.539932155740116,0.47716874748650007,0.558836950279255,0.2643404782487936,0.6264274620358543,0.4659727118595192,0.2850847043740407,0.48860831493297807,0.48383983516309814,0.37572326327421995,0.36137446678949203,0.621651893531268,0.30847956554956313,0.5816511223784134,0.7391970091903817,0.3376076143580317,0.48120401106376004,0.5461448720402651,0.31949287564748374,0.3692779146676375,0.4940750037048154,0.4369195193761115,0.49015049607554767,0.7423843054678656,0.3510082186458454,0.7398929446645883,0.42028704356639046,0.642898848115758,0.363333215646099,0.2940730445637119,0.4914578049849227,0.4296517490947849,0.6634611134584667,0.38799296145954726,0.44352402017504355,0.3632108816961851,0.2653252299733997,0.5190582846398267,0.3908172535617196,0.43724703491059336
0.10499824245531864,0.33164326190841664,0.39978569984808554,0.6399729065091828,0.3077936115672061,0.6087571169183983,0.39582630508664773,0.4952119867467421,0.38224272923153624,0.4396512624900717,0.539932155740116,0.47716874748650007,0.558836950279255,0.2643404782487936,0.6264274620358543,0.4659727118595192,0.2850847043740407,0.48860831493297807,0.48383983516309814,0.37572326327421995,0.36137446678949203,0.621651893531268,0.30847956554956313,0.5816511223784134,0.7391970091903817,0.3376076143580317,0.48120401106376004,0.5461448720402651,0.31949287564748374,0.3692779146676375,0.4940750037048154,0.4369195193761115,0.49015049607554767,0.7423843054678656,0.3510082186458454,0.7398929446645883,0.42028704356639046,0.642898848115758,0.363333215646099,0.2940730445637119,0.4914578049849227,0.4296517490947849,0.6634611134584667,0.38799296145954726,0.44352402017504355,0.3632108816961851,0.2653252299733997,0.5190582846398267,0.3908172535617196,0.43724703491059336
0.10499824245531864,0.33164326190841664,0.39978569984808554,0.6399729065091828,0.3077936115672061,0.6087571169183983,0.39582630508664773,0.4952119867467421,0.38224272923153624,0.4396512624900717,0.539932155740116,0.47716874748650007,0.558836950279255,0.2643404782487936,0.6264274620358543,0.4659727118595192,0.2850847043740407,0.48860831493297807,0.48383983516309814,0.37572326327421995,0.36137446678949203,0.621651893531268,0.30847956554956313,0.5816511223784134,0.7391970091903817,0.3376076143580317,0.48120401106376004,0.5461448720402651,0.31949287564748374,0.3692779146676375,0.4940750037048154,0.4369195193761115,0.49015049607554767,0.7423843054678656,0.3510082186458454,0.7398929446645883,0.42028704356639046,0.642898848115758,0.363333215646099,0.2940730445637119,0.4914578049849227,0.4296517490947849,0.6634611134584667,0.38799296145954726,0.44352402017504355,0.3632108816961851,0.2653252299733997,0.5190582846398267,0.3908172535617196,0.43724703491059336
0.10499824245531864,0.33164326190841664,0.39978569984808554,0.6399729065091828,0.3077936115672061,0.6087571169183983,0.39582630508664773,0.4952119867467421,0.38224272923153624,0.4396512624900717,0.539932155740116,0.47716874748650007,0.558836950279255,0.2643404782487936,0.6264274620358543,0.4659727118595192,0.2850847043740407,0.48860831493297807,0.48383983516309814,0.37572326327421995,0.36137446678949203,0.621651893531268,0.30847956554956313,0.5816511223784134,0.7391970091903817,0.3376076143580317,0.48120401106376004,0.5461448720402651,0.31949287564748374,0.3692779146676375,0.4940750037048154,0.4369195193761115,0.49015049607554767,0.7423843054678656,0.3510082186458454,0.7398929446645883,0.42028704356639046,0.642898848115758,0.363333215646099,0.2940730445637119,0.4914578049849227,0.4296517490947849,0.6634611134584667,0.38799296145954726,0.44352402017504355,0.3632108816961851,0.2653252299733997,0.5190582846398267,0.3908172535617196,0.43724703491059336
